Project,Region,Start,End,Budget,FindingSource (%),Category,TRL Start,TRL End
Feil-Cummerata,OC,1/4/2019,7/7/2023,"€28351502,90",59,Full Chain,3,6
"Schmidt, Runolfsson and Mraz",NA,6/19/2020,5/23/2022,"€92759955,46",70,Capture,8,4
"Grady, Cassin and Hegmann",EU,12/31/2019,8/20/2025,"€50359792,58",62,Transport,3,7
Corkery-Volkman,NA,4/18/2019,4/16/2022,"€90615026,79",65,Utilization,5,7
"Bednar, Bashirian and Gleason",EU,8/15/2020,3/29/2025,"€27849223,25",97,Utilization,4,7
Gislason-Cole,NA,4/23/2019,3/30/2021,"€23678912,20",86,Utilization,1,4
Durgan-Ernser,NA,1/9/2018,6/19/2023,"€26703420,36",54,Capture,9,6
"Quitzon, Kuphal and Homenick",SA,7/18/2023,6/30/2025,"€61303089,38",71,Transport,5,3
Hyatt-Jacobson,EU,6/10/2022,1/23/2021,"€82627297,75",66,T&C,8,3
Sauer and Sons,SA,3/20/2019,4/29/2025,"€84651842,22",79,Full Chain,3,5
Heidenreich and Sons,EU,2/25/2020,11/25/2021,"€65570486,25",67,Full Chain,1,5
Steuber Inc,NA,8/7/2022,6/26/2024,"€7123404,36",81,Utilization,6,9
Stiedemann-Turner,NA,10/18/2022,2/12/2023,"€40396803,33",55,Transport,7,9
Ernser-Jacobi,NA,5/7/2020,2/5/2024,"€58443086,47",82,Utilization,7,6
Mertz-Lebsack,AF,7/23/2023,3/6/2022,"€38150764,03",74,Transport,9,8
"McKenzie, Wunsch and Dach",NA,5/12/2019,6/10/2023,"€51509253,26",57,Utilization,6,4
"Koss, Satterfield and Cummings",AS,5/21/2019,11/16/2023,"€55755051,23",100,Capture,2,5
"Hartmann, Williamson and Botsford",OC,12/17/2020,5/19/2022,"€90148532,65",57,T&C,4,3
Boyer and Sons,NA,11/16/2018,4/3/2024,"€12969047,86",72,Capture,8,4
"Marks, Stehr and Sawayn",EU,2/21/2021,5/23/2025,"€97331475,50",92,Transport,9,8
Heathcote and Sons,OC,12/3/2018,5/27/2021,"€2153366,62",88,Utilization,1,7
Larkin-Simonis,AF,9/8/2021,8/28/2021,"€96522838,22",55,Transport,9,3
"Rodriguez, Haley and Kessler",OC,4/12/2018,4/1/2021,"€89812824,91",55,T&C,1,9
Powlowski Group,AF,1/24/2019,8/29/2021,"€46699493,45",98,Full Chain,6,9
Wuckert and Sons,NA,4/28/2018,7/29/2025,"€1875884,71",98,Full Chain,2,7
"Ondricka, Dicki and Terry",AF,4/2/2021,2/23/2024,"€27006871,02",66,Utilization,2,8
"Glover, Morar and Willms",NA,2/7/2018,6/1/2022,"€70965978,10",53,Transport,3,8
Pacocha Inc,NA,8/26/2019,2/5/2022,"€28565890,11",70,Full Chain,4,7
Maggio Inc,NA,6/7/2019,5/5/2024,"€34951629,30",82,T&C,2,7
"Dach, Sporer and Bayer",OC,10/25/2018,3/6/2021,"€8936795,48",90,Utilization,8,6
Lueilwitz-Effertz,AF,10/26/2023,4/22/2022,"€54729847,81",58,Capture,8,8
Macejkovic-Mitchell,NA,1/17/2018,1/15/2023,"€59222228,43",56,Capture,3,3
"Schamberger, Larkin and Schiller",EU,3/1/2018,3/11/2025,"€89754588,74",76,T&C,5,7
Thiel LLC,NA,1/11/2019,12/1/2024,"€87083937,80",78,Full Chain,9,3
"Boyle, Reichert and Hyatt",OC,6/8/2022,7/19/2024,"€8834871,58",100,Utilization,3,9
"Moore, Fay and Hills",OC,10/1/2022,3/7/2022,"€95868200,77",85,Full Chain,5,4
Goyette LLC,EU,9/8/2023,12/19/2023,"€86926660,51",99,Capture,3,3
Larson Group,OC,7/15/2022,4/24/2021,"€82177644,85",86,Transport,7,9
Dietrich-Gulgowski,OC,1/27/2019,7/24/2024,"€41303427,98",70,T&C,7,7
Rice and Sons,NA,1/30/2020,9/10/2023,"€19562313,85",68,T&C,3,6
"Lueilwitz, Greenholt and Okuneva",AF,1/18/2020,7/17/2022,"€19365682,01",96,Full Chain,5,6
"Kunde, Rau and Smitham",SA,3/31/2023,11/30/2020,"€57174669,51",70,Full Chain,1,7
"Weber, Harvey and Dare",AF,6/20/2020,5/14/2024,"€30374224,35",87,Utilization,6,4
Grady and Sons,NA,11/19/2017,8/14/2025,"€95574737,67",59,Transport,2,7
Luettgen-Yundt,NA,1/13/2022,2/9/2023,"€15804515,62",51,Capture,2,6
Rolfson-Yost,EU,5/8/2020,7/18/2024,"€88347658,20",51,Full Chain,6,3
"Schuster, Hilll and Grimes",AS,8/5/2022,10/10/2022,"€53912262,39",71,Utilization,6,9
Haley and Sons,NA,12/12/2018,12/21/2021,"€97241361,94",70,T&C,7,8
"Waelchi, Littel and Medhurst",AS,8/8/2021,12/22/2020,"€10892397,94",100,Transport,9,8
"Flatley, Ebert and Olson",EU,4/17/2021,9/14/2022,"€60850815,54",85,Transport,4,5
Ortiz-Nolan,AS,8/31/2021,3/21/2022,"€22702677,66",58,Utilization,5,4
Howe-Beahan,NA,1/16/2023,7/26/2021,"€61396896,67",76,Capture,6,7
"Zboncak, Raynor and Russel",OC,5/4/2022,10/13/2021,"€92228781,90",68,Transport,5,8
Bauch Inc,NA,1/29/2019,3/13/2022,"€20287487,05",79,Transport,4,6
"Jerde, Larkin and Beatty",NA,12/11/2018,7/9/2025,"€83462991,72",82,Utilization,2,9
"Kris, Rath and Reichel",SA,11/5/2020,6/24/2023,"€37410031,04",96,Utilization,1,3
Spinka-Hayes,AS,4/11/2020,5/7/2022,"€93392023,19",76,Transport,9,9
Ziemann-Kling,EU,8/1/2020,3/2/2022,"€13670376,34",91,Capture,9,4
Brekke Inc,NA,1/22/2018,12/28/2023,"€29701888,83",73,Full Chain,8,4
Lueilwitz-D'Amore,AS,6/29/2021,6/22/2024,"€43678278,92",85,T&C,5,9
"Powlowski, Zulauf and Stroman",NA,6/1/2021,12/8/2021,"€83257061,13",95,Full Chain,9,7
Bode Inc,EU,11/13/2019,5/26/2023,"€50777940,22",62,Utilization,5,4
Kassulke Group,OC,5/24/2021,1/22/2024,"€57599257,08",80,T&C,2,5
Hodkiewicz-Adams,SA,2/1/2023,8/16/2022,"€6860584,62",75,T&C,3,8
Cummings-Shanahan,SA,11/25/2018,5/15/2021,"€61111998,51",93,Full Chain,7,3
"Hoeger, Harvey and Cruickshank",NA,3/13/2023,3/29/2022,"€95710504,57",84,T&C,3,7
"Harber, Doyle and Cormier",SA,5/11/2023,11/26/2023,"€38548136,69",90,Capture,5,6
"Cronin, Fadel and Pouros",OC,3/9/2018,6/28/2025,"€63670269,59",98,Transport,6,8
"Volkman, Harris and Waelchi",OC,3/31/2023,12/4/2023,"€92429156,71",73,Full Chain,6,5
Kassulke and Sons,NA,6/22/2020,3/15/2023,"€59475248,59",77,Transport,5,5
Welch LLC,NA,11/3/2019,4/25/2022,"€57738733,07",84,Full Chain,4,5
"Quitzon, Donnelly and Emard",AF,1/26/2022,8/8/2023,"€89282449,90",71,Capture,6,7
"Wisozk, Beatty and Vandervort",AS,8/27/2023,3/11/2024,"€6716672,12",96,T&C,2,5
Harvey Inc,EU,4/10/2020,11/22/2024,"€2052376,77",85,T&C,1,5
Senger-Feest,NA,11/4/2017,5/1/2024,"€44517343,20",70,T&C,8,7
Rodriguez LLC,AS,8/7/2023,8/15/2021,"€75994659,09",91,Transport,8,9
Thompson-Maggio,OC,10/4/2022,10/24/2022,"€32054006,24",53,T&C,5,7
Cartwright-Schulist,SA,5/24/2018,9/22/2023,"€17600162,76",73,Capture,1,5
Reichert Inc,NA,8/31/2021,1/18/2025,"€48335168,16",59,Full Chain,5,3
"Schmitt, Rice and Mohr",EU,2/14/2022,2/16/2022,"€27281021,91",75,Transport,9,8
Hartmann Group,AS,9/2/2020,1/29/2025,"€41434314,78",89,Full Chain,5,6
Ziemann-Schaden,OC,11/13/2020,1/20/2023,"€79563110,15",52,Capture,1,6
Goodwin-Collier,AF,11/6/2020,5/11/2024,"€60655765,03",57,T&C,7,8
"Heller, Simonis and Lakin",OC,12/19/2017,6/29/2021,"€63198761,85",100,Utilization,2,7
Rosenbaum and Sons,NA,3/23/2021,11/22/2021,"€75221910,46",77,Transport,6,5
"Hermiston, Kreiger and Kuphal",OC,4/14/2021,9/23/2024,"€45032028,21",77,T&C,2,5
Mann-McCullough,AF,11/2/2018,2/9/2023,"€56779172,19",100,Full Chain,4,3
Barrows Group,OC,4/9/2023,8/25/2021,"€27040117,56",65,Transport,2,9
Ward and Sons,AS,10/15/2020,10/8/2024,"€73328765,50",100,Utilization,3,7
Baumbach LLC,AS,11/12/2022,7/23/2024,"€17475397,21",96,Capture,6,4
Schroeder-Sauer,OC,10/10/2022,8/22/2024,"€16328225,22",97,T&C,5,5
Reichel LLC,NA,10/19/2023,1/1/2023,"€35686495,71",61,T&C,5,6
Pagac Inc,NA,1/15/2021,6/25/2022,"€43245277,23",61,Full Chain,3,8
"Brakus, Keebler and Streich",NA,6/23/2023,4/20/2022,"€15575853,04",84,Utilization,3,9
"Rogahn, Frami and Jerde",AF,12/4/2019,3/25/2024,"€38095368,23",88,Transport,1,4
"Doyle, Schroeder and Reinger",AS,4/10/2020,1/16/2022,"€63885444,62",88,Transport,3,3
Heller-Walter,SA,10/16/2022,11/18/2022,"€81062958,57",88,Transport,7,6
"Green, Beatty and Kutch",AS,12/2/2020,5/24/2023,"€68560350,10",82,Capture,9,6
Upton and Sons,NA,2/22/2023,8/21/2024,"€28180239,59",58,T&C,4,7
Jaskolski and Sons,OC,11/25/2021,2/9/2023,"€91716835,43",98,Capture,9,5
"Haley, Metz and White",NA,10/29/2019,9/23/2023,"€51893607,46",57,Transport,5,6
"Kerluke, Osinski and Upton",NA,1/6/2020,4/19/2022,"€50117736,64",80,Transport,2,3
Morar Inc,SA,5/13/2019,8/19/2025,"€68735790,88",68,Transport,7,5
"Johnston, Davis and Wisozk",OC,9/29/2021,10/21/2024,"€99005824,89",72,T&C,7,3
"Bechtelar, Trantow and Metz",AF,1/12/2022,5/1/2021,"€38242285,97",75,Full Chain,4,7
Beahan-Wuckert,AS,7/1/2018,3/1/2024,"€39130766,13",100,Capture,4,5
"Halvorson, Schaefer and Lehner",SA,3/3/2018,12/10/2021,"€8933581,78",58,Transport,8,5
Barton LLC,EU,7/11/2018,10/14/2021,"€24437580,97",88,Full Chain,1,8
Connelly and Sons,NA,12/27/2022,5/21/2025,"€62085288,31",87,Capture,8,4
"Olson, Predovic and Bode",AS,1/8/2018,4/23/2022,"€27966578,24",82,Capture,7,6
"Lueilwitz, Bradtke and Rowe",AS,5/20/2018,12/5/2023,"€40375103,64",92,T&C,2,9
"Goyette, Wolf and McKenzie",NA,2/22/2022,4/16/2022,"€92923596,91",69,Capture,4,4
Walsh Group,EU,6/12/2018,3/12/2025,"€47021674,14",57,Utilization,2,6
Waters-Stehr,NA,8/10/2019,12/7/2021,"€40440339,54",75,T&C,8,3
Davis-Cremin,NA,9/9/2020,1/4/2024,"€61499367,92",71,Transport,2,5
Satterfield Group,OC,10/15/2018,4/28/2023,"€24456933,81",64,Transport,3,7
"Mills, Lockman and Abernathy",EU,4/5/2020,1/18/2025,"€43585043,96",93,Transport,6,9
Schneider-Von,EU,1/27/2020,10/16/2023,"€35560975,61",50,Utilization,9,8
Boyer and Sons,NA,3/6/2018,10/30/2023,"€93928611,46",66,Full Chain,6,4
"Smitham, Hodkiewicz and Ondricka",NA,1/9/2021,8/4/2024,"€21840659,15",79,T&C,8,6
Daniel-Jaskolski,NA,1/6/2023,4/9/2021,"€8426363,61",68,T&C,3,4
Rau-Ryan,AF,11/28/2019,3/24/2021,"€28306589,35",63,T&C,7,9
DuBuque-Wilkinson,SA,9/4/2018,10/13/2021,"€13985557,73",72,Transport,1,6
Wisozk LLC,EU,11/22/2017,1/12/2023,"€82648171,34",63,T&C,4,4
"Mayert, Olson and Rice",NA,7/31/2023,10/26/2024,"€7122933,89",63,T&C,2,8
Jenkins-Kozey,AS,9/21/2018,10/13/2024,"€8452150,36",59,Capture,3,9
Ward-Connelly,AF,11/20/2019,5/20/2023,"€93073509,83",78,T&C,2,6
Hoppe LLC,AF,6/6/2019,7/24/2025,"€82022956,82",98,T&C,5,9
Pfannerstill-Kilback,OC,10/24/2022,9/12/2021,"€27858211,16",59,Transport,5,5
Will Inc,EU,10/24/2022,7/1/2024,"€22655108,31",71,Transport,1,8
"Zieme, Gutkowski and Reichel",EU,7/17/2021,10/4/2022,"€50480890,18",57,Utilization,1,7
Vandervort-Harber,AF,7/14/2018,11/3/2021,"€41126802,82",64,T&C,9,6
Upton-McGlynn,NA,5/17/2019,3/2/2023,"€13233054,09",77,Transport,9,9
Haag and Sons,AF,12/27/2018,12/10/2023,"€10013923,23",51,Full Chain,8,4
Brekke-Friesen,AF,6/26/2020,8/15/2025,"€55317460,85",71,Utilization,7,6
"Johns, Littel and Murphy",OC,4/21/2020,5/22/2023,"€85447228,07",94,Capture,4,3
Donnelly Group,AF,8/1/2018,10/8/2024,"€24281473,03",89,Full Chain,9,7
Stamm and Sons,EU,3/17/2019,6/8/2022,"€26833038,97",78,Transport,1,3
"McGlynn, Rohan and Schowalter",OC,4/1/2023,4/30/2025,"€6304065,43",71,Utilization,3,8
"Wiza, Reilly and Johns",SA,11/29/2020,12/28/2023,"€64863375,90",80,Capture,9,5
Zieme and Sons,AS,10/13/2020,12/2/2022,"€34857082,82",50,Full Chain,7,8
Parisian-Braun,AF,9/21/2021,3/27/2022,"€65291022,29",95,Full Chain,9,3
Vandervort-Dare,NA,10/27/2020,5/19/2024,"€34062858,42",72,Capture,6,5
"Lowe, O'Conner and Ward",NA,4/18/2020,10/16/2023,"€17696237,76",87,Capture,2,8
Mante-Harris,NA,12/25/2018,8/5/2022,"€96333637,96",93,Full Chain,4,3
Miller and Sons,AS,3/18/2021,10/17/2023,"€56918019,36",98,Transport,5,8
"Lockman, Kutch and Armstrong",NA,6/28/2023,4/7/2021,"€80744454,09",97,Capture,8,4
Bayer-Koepp,OC,12/4/2020,8/7/2023,"€68748728,43",71,Full Chain,7,7
"Rogahn, Klocko and Prohaska",NA,2/9/2020,7/16/2024,"€20029555,67",53,Full Chain,1,9
Mayert and Sons,AS,1/27/2022,8/2/2021,"€85279939,35",72,Full Chain,4,8
"Prosacco, Cummings and Maggio",NA,2/6/2018,8/15/2023,"€43695096,73",59,T&C,6,6
Johnston-Harris,OC,9/22/2023,11/11/2024,"€36298470,51",67,Transport,9,3
"Mosciski, Stanton and Crooks",EU,2/13/2021,11/1/2021,"€4272954,68",51,Full Chain,5,9
"West, Kunde and Rutherford",NA,3/13/2022,6/14/2024,"€79923382,95",64,Full Chain,7,3
"Bogisich, Hintz and Cruickshank",SA,7/31/2021,12/22/2022,"€72734595,83",51,Capture,2,3
"Jakubowski, Balistreri and Labadie",AS,3/28/2023,7/18/2025,"€94800393,45",88,Full Chain,9,3
Gutkowski-Wiegand,AS,4/6/2022,11/11/2020,"€65024304,46",85,Utilization,3,7
Kassulke-Glover,NA,9/6/2019,1/8/2021,"€73352366,79",88,Transport,5,8
Hessel-Mitchell,OC,4/26/2021,7/31/2023,"€73129266,29",90,Capture,4,3
Stanton and Sons,OC,6/19/2020,1/3/2024,"€11771180,48",75,Utilization,4,9
VonRueden and Sons,AF,6/2/2021,11/6/2023,"€57540832,06",56,Transport,8,4
"Gusikowski, Nader and Ernser",EU,7/27/2018,8/14/2021,"€25700670,26",91,Capture,2,3
"Jast, Marquardt and Reichert",EU,2/3/2019,3/21/2024,"€77290169,50",92,Transport,3,6
"Wunsch, Wilderman and Zieme",OC,10/5/2021,1/19/2025,"€39374552,78",75,Transport,4,8
"Ferry, Powlowski and Lindgren",AS,1/15/2021,8/20/2023,"€11995694,60",77,Transport,9,8
"Zulauf, Lang and Schimmel",NA,9/8/2018,8/9/2024,"€75899446,04",68,Utilization,9,3
Huel-Koepp,EU,9/11/2020,11/8/2020,"€29251570,97",67,Utilization,6,6
Orn-Volkman,AF,2/17/2022,8/20/2025,"€45801330,92",80,Utilization,6,9
Toy-Dibbert,AS,8/10/2023,1/8/2025,"€69095323,72",60,T&C,4,9
Botsford-Schumm,AS,12/23/2017,7/18/2022,"€56033158,51",88,T&C,3,4
Goyette-Cremin,NA,12/28/2019,6/5/2022,"€9325397,22",72,T&C,3,7
Jones-Kohler,AS,2/25/2020,11/15/2020,"€28507573,62",59,T&C,8,7
Stamm Group,AS,12/6/2019,11/2/2023,"€78823670,92",64,Utilization,2,3
Hauck and Sons,AF,11/15/2017,1/24/2023,"€78955287,53",68,Full Chain,8,3
Schumm and Sons,NA,12/25/2022,1/20/2023,"€82344739,10",71,T&C,3,6
Christiansen-Bartell,AF,12/11/2020,5/6/2023,"€42030254,33",96,Full Chain,8,4
Gerhold-Sanford,NA,8/13/2021,12/9/2020,"€90946127,73",82,Capture,5,5
Bashirian-Nicolas,NA,2/19/2023,7/14/2021,"€38832728,75",52,Transport,4,3
"Wilkinson, Gibson and Cummerata",SA,10/29/2019,2/2/2024,"€8984651,49",56,Transport,3,4
"Mohr, Nienow and Howell",NA,1/18/2022,12/26/2020,"€49772147,38",59,Utilization,9,4
Renner-Beier,EU,3/11/2020,6/8/2024,"€81256447,50",71,T&C,1,9
Murray-Morissette,EU,2/26/2018,5/24/2022,"€4261596,66",68,Full Chain,2,4
Okuneva-Hane,NA,10/28/2022,3/17/2024,"€67581948,99",74,Full Chain,2,7
Schimmel LLC,NA,4/14/2018,2/7/2023,"€85934973,27",59,Full Chain,5,3
Ortiz Inc,NA,4/21/2020,12/1/2024,"€31180661,30",92,Transport,6,8
"Cormier, Schuppe and Krajcik",SA,12/2/2018,9/14/2022,"€21235328,84",93,Capture,8,4
Schultz-Ratke,AF,3/8/2020,1/24/2023,"€1582280,64",76,Transport,3,6
Bednar and Sons,NA,9/19/2023,12/21/2022,"€27220973,20",56,Utilization,8,8
"Ebert, Hickle and Turcotte",NA,3/2/2019,4/3/2023,"€12887040,28",59,Utilization,5,9
"Williamson, Daugherty and Schamberger",OC,1/2/2020,3/4/2023,"€93634463,31",94,T&C,6,6
Zulauf-Jacobs,EU,12/6/2017,5/13/2024,"€98227082,20",88,Transport,2,5
"Kiehn, Prohaska and Barton",SA,8/3/2020,6/29/2025,"€4485299,19",94,Capture,2,4
Jones-Maggio,NA,10/15/2018,1/10/2024,"€57252243,84",93,Capture,6,9
"Hayes, Block and Maggio",EU,3/29/2018,2/6/2024,"€65768813,61",59,Utilization,6,3
Trantow Group,NA,4/6/2022,4/5/2021,"€12003167,53",63,Capture,4,9
"Hirthe, Hodkiewicz and Bartoletti",AF,9/14/2022,11/11/2020,"€65041521,60",54,T&C,6,8
"Pfeffer, Corkery and Gutmann",NA,12/13/2021,12/23/2024,"€40879301,21",60,Full Chain,3,9
"Streich, Mann and Feest",AF,6/18/2019,12/24/2024,"€33175431,63",81,Transport,9,8
Tromp Inc,NA,10/12/2022,3/15/2024,"€92450246,66",99,Full Chain,4,6
Lehner-Runolfsson,OC,9/4/2020,5/7/2024,"€39188974,98",64,Full Chain,3,8
Boyle Group,AF,10/30/2021,5/23/2025,"€3587114,62",95,T&C,4,5
Walker-Hilpert,AF,10/7/2019,5/8/2024,"€89421749,12",51,Utilization,1,9
"Gerlach, Mante and Murray",NA,9/2/2018,1/21/2022,"€88146679,11",85,Transport,2,5
"Ward, Murazik and Casper",SA,12/26/2019,5/31/2021,"€50065088,67",80,Full Chain,5,9
Hodkiewicz Group,AF,3/7/2020,1/27/2024,"€53941677,65",87,Capture,1,4
Hegmann and Sons,NA,3/28/2018,12/28/2021,"€36940286,83",56,Transport,3,7
Kerluke Group,NA,9/7/2022,9/5/2022,"€63773682,25",70,Transport,3,9
"Brown, Macejkovic and Murray",SA,9/7/2018,1/13/2023,"€77558396,83",56,Utilization,8,4
"Hamill, Parker and Kunze",NA,7/14/2020,9/30/2023,"€2709396,49",59,Capture,2,9
Morissette Group,OC,5/8/2022,7/25/2022,"€28213926,40",87,Full Chain,7,7
"Stracke, Bernier and Boyle",AS,9/25/2019,12/15/2022,"€58372696,17",55,Capture,9,3
"Effertz, Considine and Blick",NA,7/23/2021,4/2/2025,"€46886107,31",98,Capture,7,8
"Kuvalis, Farrell and Turcotte",NA,11/4/2019,6/18/2023,"€47828328,24",62,Capture,6,3
"Beier, Miller and Herman",EU,5/3/2022,4/23/2022,"€36119949,91",58,T&C,7,5
Haag Inc,AF,7/4/2020,10/20/2024,"€81020240,43",61,T&C,5,3
Ruecker-Walker,AF,5/4/2020,1/13/2021,"€7933317,97",62,Capture,5,7
"Pfannerstill, Herzog and Hahn",NA,5/7/2019,4/1/2023,"€31620562,20",99,Capture,3,5
Brakus-Schneider,AS,6/26/2023,2/26/2022,"€49337607,71",84,Utilization,9,6
Nolan-Schaefer,EU,11/1/2020,3/3/2021,"€88552039,25",87,Utilization,6,4
Leannon Inc,OC,9/12/2019,10/15/2023,"€85381681,90",97,Full Chain,2,9
"Waters, Jenkins and Gleichner",AS,6/28/2020,1/13/2025,"€79299163,41",99,Utilization,3,5
Turcotte LLC,OC,5/20/2022,7/2/2025,"€38375641,11",79,T&C,3,7
Kassulke-Gleichner,AS,12/4/2020,9/21/2023,"€70939138,07",81,Full Chain,1,4
Hintz and Sons,AS,6/25/2022,12/4/2022,"€71497090,43",67,T&C,6,3
Collins LLC,AS,9/4/2018,6/16/2024,"€77741222,21",84,T&C,7,7
Hickle-Pollich,AS,12/7/2017,12/8/2022,"€95971378,53",99,Full Chain,9,7
Hane-Kunde,OC,5/14/2020,10/18/2021,"€60944339,51",75,Capture,1,4
"Kling, Schneider and Nolan",AS,6/14/2018,4/7/2024,"€25779197,79",59,Capture,9,3
"Schmeler, Brown and Stroman",AS,11/6/2017,5/21/2024,"€91546471,42",68,T&C,1,9
Fadel Inc,NA,1/13/2020,5/3/2023,"€67901536,31",98,Full Chain,7,5
Langosh LLC,OC,8/5/2019,4/10/2023,"€35493613,26",52,T&C,9,8
Jones-McGlynn,NA,12/16/2018,4/12/2023,"€87352277,01",63,Full Chain,6,7
Frami-Prosacco,EU,3/4/2018,9/17/2021,"€49105724,87",59,Utilization,4,7
Ruecker-Yundt,SA,6/11/2020,9/11/2024,"€23369219,84",94,Utilization,5,9
Sporer-Hudson,EU,10/4/2019,6/3/2022,"€49887754,17",95,Utilization,2,9
"Gislason, Littel and Gislason",NA,9/6/2019,10/17/2022,"€60819429,54",63,Capture,3,9
Reichel-Beahan,NA,7/13/2018,12/6/2024,"€43291471,48",77,Utilization,1,5
"Nolan, Lubowitz and Sauer",AS,1/4/2023,7/10/2023,"€35132420,66",88,T&C,9,3
"Rutherford, Sanford and Weber",NA,4/16/2019,2/8/2022,"€55236341,11",77,Transport,9,3
"Kiehn, Kerluke and Olson",AS,12/18/2018,3/16/2024,"€70512334,30",81,Transport,8,9
Bayer-Olson,SA,2/9/2021,3/23/2025,"€15326280,66",77,Full Chain,7,4
Sanford-Hilpert,EU,8/26/2023,1/12/2024,"€20996862,66",60,Full Chain,8,3
"Hills, Volkman and Nitzsche",OC,7/11/2020,1/9/2021,"€7171216,11",79,Full Chain,2,6
Lubowitz LLC,AF,1/13/2022,3/24/2022,"€14050574,50",55,Utilization,5,9
Lynch-Dickinson,NA,12/9/2019,4/4/2024,"€48108183,53",72,Capture,8,5
McKenzie Group,NA,11/25/2018,6/14/2024,"€79837333,38",92,Utilization,1,9
Purdy and Sons,NA,3/5/2020,7/18/2023,"€16418772,75",61,Transport,5,5
"Macejkovic, Kris and Mraz",NA,12/31/2017,2/10/2022,"€58660875,28",54,Capture,5,7
Keebler-Ritchie,AF,1/22/2019,9/24/2022,"€38180111,55",91,Transport,7,5
"Bartoletti, Hegmann and Thiel",NA,3/24/2023,12/5/2020,"€58634331,22",78,T&C,9,8
Jones LLC,SA,5/28/2023,10/7/2021,"€15807514,16",94,Full Chain,3,6
Wehner Group,NA,12/25/2021,2/12/2021,"€74839422,04",89,Full Chain,5,7
Jones Inc,AS,9/18/2022,11/6/2024,"€98878230,44",51,Utilization,7,8
Block-Daugherty,AS,6/24/2018,6/16/2024,"€48868277,12",96,Capture,6,7
Rempel-Roob,AS,8/27/2023,8/23/2023,"€49661002,67",62,Full Chain,6,9
Rodriguez-Sawayn,AF,1/8/2018,5/29/2021,"€24395194,74",84,Full Chain,8,7
"Bahringer, Murphy and Abernathy",AS,5/3/2021,1/28/2023,"€70499088,31",85,Utilization,2,8
Mann Group,EU,1/14/2023,11/13/2020,"€43532065,38",94,Capture,8,5
Howell and Sons,NA,6/26/2023,12/27/2021,"€35245336,90",64,T&C,4,5
"Emmerich, Howe and Pollich",AS,12/28/2022,5/22/2025,"€65752254,34",99,Utilization,1,3
Predovic-Cormier,AS,1/14/2019,7/16/2023,"€46080246,11",61,Full Chain,5,6
Bahringer-Schiller,SA,4/29/2022,3/5/2024,"€86803143,95",69,Transport,6,3
Hauck and Sons,NA,10/27/2021,1/2/2023,"€39328762,44",87,T&C,7,9
Paucek and Sons,NA,5/13/2019,3/31/2021,"€9271787,06",64,Utilization,7,6
"Erdman, Gottlieb and Monahan",AS,7/18/2020,4/2/2022,"€86022106,94",62,Full Chain,5,9
Rogahn-Wiegand,NA,3/5/2023,4/30/2025,"€38300572,54",62,Transport,8,9
Harber-Frami,AS,3/12/2022,2/1/2021,"€88067803,42",77,Full Chain,3,9
Zulauf Inc,EU,3/20/2019,3/18/2025,"€16729281,83",81,Transport,9,8
Little-Effertz,AF,3/9/2021,12/10/2024,"€63974625,55",90,Utilization,3,7
"Champlin, Aufderhar and Wisozk",AS,11/1/2018,12/2/2020,"€91964803,18",90,Full Chain,7,7
"Heidenreich, Hintz and Harris",AS,11/30/2021,11/9/2023,"€66266959,54",68,T&C,1,5
Gorczany-Kozey,NA,6/20/2023,10/19/2023,"€83848942,05",77,T&C,9,9
"Schroeder, Morar and Schroeder",SA,3/26/2023,5/24/2025,"€13106885,72",81,T&C,6,7
Schmeler-Huel,NA,1/2/2019,4/21/2024,"€22765402,98",88,Transport,6,5
"Bailey, Wolf and Haley",NA,7/7/2018,4/30/2025,"€7950266,01",95,T&C,1,9
Altenwerth-Hettinger,EU,4/2/2018,12/29/2022,"€62370134,28",89,Capture,2,9
"Mitchell, Bradtke and Hayes",EU,7/25/2021,11/26/2023,"€77356803,29",67,Capture,3,5
O'Keefe-Torphy,OC,6/10/2021,11/2/2024,"€96016435,87",79,Full Chain,5,4
Feest-Bahringer,OC,3/15/2020,4/22/2021,"€8472857,03",67,Capture,2,8
Cartwright-Steuber,NA,1/25/2020,6/15/2022,"€11701947,08",69,Transport,7,7
Sawayn-Stracke,AF,11/9/2022,8/14/2024,"€30677896,07",90,Utilization,9,7
Stoltenberg Inc,OC,7/8/2023,11/8/2024,"€18770717,20",89,T&C,8,8
"Schamberger, Hoppe and Veum",NA,1/8/2018,2/25/2022,"€42663159,81",60,Capture,6,7
Heathcote-Langosh,AS,4/3/2023,9/30/2021,"€22310897,68",50,Full Chain,1,9
Thompson and Sons,OC,9/11/2023,1/24/2021,"€25568885,89",83,Capture,2,8
Shanahan and Sons,AF,2/3/2021,10/31/2020,"€18990101,64",77,Transport,8,5
Kuvalis-Heathcote,AF,5/22/2020,8/12/2024,"€88180299,79",72,T&C,8,5
Dare Inc,NA,9/21/2020,6/28/2024,"€6467161,94",81,Transport,3,6
Dickens Group,SA,1/7/2021,7/11/2022,"€88858824,12",91,Full Chain,1,9
Gleichner Inc,AF,11/11/2022,6/25/2024,"€48189224,67",81,Capture,4,4
Leffler and Sons,AS,9/24/2021,7/17/2024,"€12047457,11",64,Transport,6,3
"Carroll, Kuhn and Gleichner",EU,3/15/2022,9/29/2022,"€28274026,30",95,Full Chain,8,9
Rath-Langworth,EU,2/16/2022,3/9/2025,"€63213428,76",69,Transport,3,8
Hane-Johnston,NA,6/28/2019,12/19/2021,"€69239544,59",95,Utilization,9,4
Rippin-Jenkins,SA,10/13/2020,12/15/2024,"€27740264,90",73,Capture,2,5
Hodkiewicz Inc,SA,4/9/2018,2/18/2023,"€24504604,47",75,T&C,7,9
Krajcik and Sons,EU,8/6/2020,7/1/2023,"€11424801,69",88,Transport,9,3
Gottlieb-Cummerata,OC,11/20/2018,3/26/2023,"€93918248,00",96,T&C,6,4
Fadel-Metz,EU,8/20/2019,8/26/2021,"€18231308,31",70,Transport,5,7
"Ullrich, Beatty and Stokes",EU,11/7/2018,9/20/2023,"€7883420,02",71,Capture,1,8
White Inc,NA,12/17/2022,9/4/2023,"€22652517,20",50,Full Chain,7,8
Walsh and Sons,AS,7/2/2020,11/5/2023,"€9264573,11",61,Full Chain,6,4
"Halvorson, Greenfelder and Shanahan",NA,4/4/2020,4/18/2023,"€51352064,44",55,Utilization,2,7
"Yost, Turcotte and Wilderman",NA,10/9/2021,7/10/2023,"€70533894,18",74,Transport,9,9
"Halvorson, Botsford and Boyle",AF,7/15/2022,2/15/2023,"€39713384,40",76,Capture,8,4
"Breitenberg, Ruecker and Torp",EU,1/18/2018,7/21/2022,"€70504342,26",78,Capture,4,9
Zieme-Runte,EU,10/4/2020,6/17/2023,"€83034558,35",91,T&C,5,8
Thiel Inc,AF,4/28/2020,3/31/2021,"€8716290,23",58,Utilization,8,3
Lockman Group,SA,12/18/2018,3/9/2024,"€60299497,51",88,Transport,9,7
Strosin Group,EU,1/25/2022,5/28/2022,"€41647882,02",95,Capture,5,6
Johns-Block,AF,7/2/2022,7/6/2022,"€92473893,79",96,Full Chain,4,7
Hegmann LLC,AF,5/10/2022,1/13/2024,"€22775482,49",76,Transport,3,7
Trantow-Keeling,AS,6/22/2020,4/21/2025,"€96508270,48",55,Full Chain,2,4
"Parker, Hudson and Gleason",AS,4/3/2022,3/30/2022,"€69515585,62",77,Capture,5,7
Stracke-Huel,NA,8/1/2022,8/20/2024,"€19467870,46",70,Capture,4,9
"VonRueden, Blanda and Feil",SA,3/7/2019,8/23/2024,"€68681064,08",81,Full Chain,2,9
"Wintheiser, Nolan and Mitchell",AS,2/3/2019,2/1/2024,"€57896710,99",56,Transport,1,3
"Koss, Konopelski and Legros",AF,10/4/2020,5/26/2021,"€70594025,16",53,T&C,3,6
"Kunde, Skiles and Baumbach",EU,8/20/2022,1/30/2025,"€96723648,56",87,Full Chain,1,5
"Braun, Baumbach and Wunsch",OC,8/13/2022,1/1/2022,"€62196953,83",81,Capture,5,4
Greenholt and Sons,OC,2/7/2019,8/5/2025,"€18543171,31",93,Capture,3,8
Bailey Inc,AS,10/8/2019,12/20/2024,"€85054767,67",58,T&C,7,3
Windler LLC,SA,6/8/2023,10/3/2023,"€5205227,32",58,Full Chain,1,5
Mann Group,OC,10/25/2019,3/29/2023,"€3831202,80",82,Capture,9,4
Champlin LLC,NA,10/31/2020,1/12/2022,"€36560546,37",63,Transport,4,9
"Windler, Hegmann and Gusikowski",AF,8/16/2021,9/26/2024,"€95482596,49",89,T&C,8,8
Rogahn and Sons,EU,9/5/2018,11/29/2020,"€32247708,56",60,Capture,4,7
"Kassulke, Auer and Wuckert",SA,7/11/2020,5/24/2022,"€45235064,19",96,Full Chain,5,4
Halvorson-Windler,AF,8/31/2022,10/25/2023,"€76836484,71",94,Utilization,3,7
Denesik-Rowe,NA,6/25/2022,7/31/2024,"€14105769,60",84,Transport,1,7
"Koepp, Olson and Konopelski",OC,9/22/2020,10/27/2021,"€59598951,50",54,Transport,4,3
"Morissette, West and Ortiz",NA,8/18/2019,5/13/2024,"€67723833,69",99,Utilization,8,9
Veum Group,AF,6/21/2019,1/17/2023,"€82330648,73",66,T&C,4,3
Upton and Sons,AS,7/18/2020,12/24/2023,"€42472586,81",77,T&C,8,9
O'Keefe LLC,NA,1/18/2023,12/9/2023,"€58922774,22",98,Utilization,1,6
Mueller Inc,AS,8/22/2020,6/13/2023,"€83746479,54",86,Full Chain,9,6
Kautzer and Sons,NA,4/25/2023,1/30/2023,"€71539139,48",84,T&C,1,9
Bruen-Parisian,AF,1/2/2022,8/2/2022,"€97916149,75",88,Utilization,2,4
"McLaughlin, Dare and Moore",EU,10/22/2021,10/16/2022,"€20741383,84",59,Transport,5,6
Mohr-Jacobi,OC,5/31/2019,8/11/2023,"€18065136,16",52,Full Chain,2,4
Aufderhar-Abbott,AS,2/11/2023,3/18/2021,"€54388721,61",97,Capture,1,7
Nolan-Thiel,EU,2/25/2021,8/29/2021,"€93812642,52",65,Capture,5,4
Towne Group,AS,7/22/2022,8/28/2023,"€72004694,77",66,Transport,7,3
"Klein, Donnelly and Abbott",SA,8/11/2022,10/30/2021,"€29403122,34",86,Transport,1,3
"Jast, Gleason and Crist",NA,7/4/2022,9/11/2021,"€2341984,26",82,Transport,5,8
Macejkovic LLC,NA,10/30/2018,9/8/2023,"€77754021,57",85,Full Chain,6,8
Beahan-Cummings,OC,11/15/2021,11/30/2024,"€65211315,19",100,Capture,2,5
Stoltenberg Inc,OC,2/17/2023,6/26/2022,"€59350361,84",63,T&C,8,3
"Graham, Jones and Hoeger",AS,11/1/2020,4/15/2021,"€83540006,16",63,Capture,7,4
"Marvin, Casper and Ruecker",NA,5/15/2022,6/1/2022,"€83706706,50",69,T&C,7,6
Nolan-Walter,NA,5/12/2019,11/25/2023,"€49342750,98",81,Transport,6,6
"Dicki, Brekke and Heller",NA,7/28/2020,2/21/2021,"€38310001,37",97,Full Chain,7,6
"Bahringer, Bartoletti and Kessler",AS,5/8/2023,6/10/2025,"€48913309,72",59,T&C,8,9
Carroll-Hamill,EU,11/29/2021,7/24/2022,"€11233933,25",78,Capture,4,4
Cormier-Pouros,EU,4/11/2023,2/25/2021,"€26429584,50",81,T&C,7,8
Upton Group,EU,7/2/2020,2/11/2025,"€70187055,02",98,Capture,9,8
"Schulist, Stamm and Ruecker",NA,3/3/2023,8/1/2024,"€80505921,06",58,Full Chain,9,6
"Larson, Conn and Crist",SA,11/21/2017,6/15/2022,"€33677501,00",94,T&C,6,5
"Mraz, Spinka and Stroman",AS,4/13/2018,2/20/2022,"€16400287,11",88,Transport,2,9
"Schroeder, Pacocha and Wehner",AF,5/29/2021,8/31/2022,"€3806225,75",76,T&C,5,8
"Sauer, Simonis and Effertz",EU,5/9/2019,4/19/2021,"€33742607,70",60,Capture,2,9
Emard Group,OC,8/17/2019,2/19/2021,"€42234246,06",91,T&C,7,5
Quitzon Inc,NA,10/7/2021,11/11/2022,"€48614440,66",71,Full Chain,3,9
Breitenberg Group,EU,11/17/2017,4/13/2024,"€57487962,55",79,Capture,8,3
Krajcik-Ullrich,AF,4/5/2022,7/24/2024,"€37493076,98",52,Full Chain,5,7
Jakubowski Group,NA,11/17/2019,7/4/2022,"€99126600,88",87,T&C,6,6
"Rice, Stark and Thompson",AS,4/20/2023,1/22/2021,"€59234697,83",91,Full Chain,3,3
"Lindgren, Hackett and VonRueden",NA,12/17/2018,5/9/2022,"€33114240,58",99,Capture,5,5
Russel Group,OC,8/15/2022,7/22/2022,"€86460506,95",83,Full Chain,2,8
Stehr-Casper,EU,11/10/2022,9/24/2021,"€10834886,32",58,T&C,1,3
"Bernhard, Gulgowski and Zboncak",AS,4/17/2023,5/14/2024,"€75305537,83",92,Utilization,8,5
Kulas and Sons,AS,10/12/2020,3/28/2021,"€52206112,86",65,Utilization,3,8
"Tromp, Hane and McKenzie",NA,2/7/2019,8/23/2023,"€77094889,73",95,Full Chain,9,5
Herzog-Heller,OC,1/21/2021,6/17/2022,"€12082360,96",78,Full Chain,7,7
Schuppe-Quitzon,NA,7/13/2021,12/30/2021,"€74027586,03",63,Capture,9,4
Ledner Group,EU,5/15/2023,9/1/2022,"€13584109,01",81,T&C,1,6
Flatley Group,OC,10/22/2019,3/25/2022,"€92610871,17",78,Transport,7,7
Trantow-Pacocha,EU,6/30/2021,4/19/2021,"€52633686,71",77,Utilization,2,5
Hackett-Auer,OC,2/26/2023,3/2/2021,"€94343061,21",91,Full Chain,8,3
Koss Inc,NA,12/6/2022,1/8/2025,"€12456658,16",91,T&C,5,4
"Hodkiewicz, Ledner and Cassin",NA,4/27/2021,11/3/2020,"€63984628,32",54,Utilization,5,8
Blick-Bahringer,AS,7/2/2021,10/5/2022,"€90447796,45",94,Transport,8,8
Reichel Group,NA,9/10/2023,12/21/2023,"€63698389,53",70,T&C,1,6
Russel LLC,NA,7/4/2022,1/13/2021,"€59158704,96",65,T&C,8,4
"Barton, Roberts and Mitchell",OC,9/9/2020,1/4/2023,"€30479922,11",77,Transport,8,8
Steuber-Funk,AS,10/27/2022,7/25/2022,"€35561069,69",86,Utilization,1,6
"Bernhard, Bogisich and Bartoletti",EU,7/25/2021,4/12/2025,"€77040959,03",50,Transport,3,6
Hettinger Group,NA,8/27/2022,7/16/2025,"€87605627,65",57,T&C,3,5
Schaden Inc,AS,1/22/2018,12/6/2021,"€94351587,39",68,Full Chain,7,9
"Hoppe, Ullrich and Spencer",EU,4/27/2021,11/13/2022,"€53185460,26",82,T&C,3,3
Parisian Group,NA,2/2/2019,8/3/2025,"€13346691,80",72,Transport,9,6
Howe-D'Amore,NA,6/25/2023,11/1/2021,"€94214095,87",68,Capture,1,7
O'Hara-McClure,NA,9/14/2023,3/26/2022,"€55631818,58",55,Full Chain,2,4
"Beatty, Smith and Ward",OC,5/29/2020,3/23/2022,"€54013992,87",85,T&C,4,7
Tromp-Grant,OC,8/6/2018,1/10/2022,"€43213403,86",63,Full Chain,9,3
"Buckridge, Braun and Davis",AS,1/8/2022,12/19/2023,"€87263946,39",96,Transport,1,3
Lebsack LLC,EU,8/28/2021,8/5/2021,"€98241823,88",93,Transport,7,6
"Denesik, Jenkins and Lebsack",NA,8/28/2018,7/29/2021,"€62572541,56",86,T&C,7,6
"Rath, Rolfson and Koss",EU,8/27/2020,4/27/2021,"€58032374,39",57,Full Chain,5,5
Schultz-Hilll,OC,3/21/2023,12/25/2022,"€74162922,94",63,Utilization,6,8
Abshire and Sons,EU,8/20/2022,8/4/2022,"€42345509,84",85,Full Chain,4,9
"Runolfsson, Parker and Balistreri",OC,10/27/2021,6/3/2022,"€37471243,06",52,Utilization,6,3
"Schmeler, Jast and Bogan",SA,3/22/2019,6/20/2023,"€29717719,35",88,T&C,4,7
Hodkiewicz-Braun,NA,4/4/2018,12/4/2021,"€84704035,95",73,Transport,3,8
Collins Inc,EU,5/30/2019,10/27/2020,"€50270849,81",68,T&C,5,3
Kuhic-Reilly,OC,3/8/2022,6/24/2024,"€32667173,63",65,Utilization,8,4
"Wuckert, Murray and Bogan",SA,12/20/2022,10/14/2021,"€67892927,40",95,Utilization,9,5
Breitenberg-Koch,OC,8/6/2018,3/9/2022,"€85391355,15",54,Transport,9,5
Kshlerin-Fahey,EU,4/10/2023,11/4/2023,"€79020246,99",67,Transport,4,3
Kautzer-Marvin,EU,6/5/2018,6/17/2024,"€10470072,15",67,Full Chain,2,3
Cummerata-Wisozk,NA,11/16/2018,2/27/2024,"€86838580,99",75,Utilization,9,7
"Gutmann, Batz and Kuhn",NA,4/16/2021,11/4/2022,"€67584756,54",76,T&C,5,5
"Rowe, Lindgren and Cummerata",NA,12/23/2022,5/10/2021,"€25274426,63",71,Transport,1,6
Erdman Group,AS,4/23/2022,8/11/2021,"€16134430,30",51,Transport,1,8
Mohr-O'Kon,SA,2/25/2022,4/27/2025,"€97714660,88",97,Transport,2,5
Roob-Simonis,NA,5/29/2018,11/11/2020,"€90381134,68",55,Utilization,2,6
Tremblay LLC,AF,6/27/2018,1/31/2025,"€63664123,09",52,Full Chain,9,9
Yundt Group,AS,7/12/2021,6/7/2021,"€16851704,50",71,Transport,1,7
"Cole, Huels and Yundt",NA,1/23/2023,3/18/2022,"€51767502,87",76,Utilization,1,7
Christiansen-Littel,NA,5/5/2023,10/3/2022,"€21549799,55",53,T&C,5,5
Rempel and Sons,OC,12/8/2021,9/8/2024,"€85137882,42",87,T&C,3,8
"Dibbert, Hills and Koepp",SA,10/6/2019,2/1/2022,"€42338374,31",69,Full Chain,9,7
Abbott Group,EU,1/8/2022,4/5/2022,"€51146602,06",67,T&C,6,3
Waelchi-Harris,SA,11/28/2019,2/1/2021,"€71338781,75",92,Capture,1,7
Huel-Cremin,AF,6/1/2020,2/16/2025,"€14235218,66",99,Capture,5,4
Shields-Casper,AF,10/11/2021,3/6/2024,"€10346881,84",76,Utilization,5,8
"Walsh, Bartoletti and Deckow",SA,7/22/2022,12/16/2021,"€8100662,66",96,Capture,8,6
Kshlerin LLC,SA,9/10/2021,2/13/2024,"€62807992,45",79,Utilization,2,9
McDermott Inc,NA,12/3/2021,6/25/2023,"€34139211,82",62,T&C,3,5
Donnelly and Sons,NA,10/26/2023,7/17/2022,"€9098529,76",93,Transport,7,3
"Klein, Kessler and Volkman",AS,8/27/2021,4/28/2022,"€31661713,36",56,Capture,5,6
"Predovic, Schaden and Homenick",SA,6/12/2018,1/25/2024,"€79245844,30",90,Full Chain,5,3
"Koss, King and Kris",SA,12/2/2021,1/6/2024,"€86406700,02",95,T&C,2,7
Batz-Towne,NA,2/2/2019,6/12/2025,"€50835157,29",81,Full Chain,1,4
Rosenbaum-Waters,AS,5/18/2021,4/1/2022,"€12945436,62",70,T&C,1,6
"Little, Zemlak and Schaden",NA,1/12/2018,5/7/2022,"€19290695,73",79,Full Chain,8,9
"Blick, Hettinger and Streich",AS,7/21/2023,6/25/2024,"€72542336,51",58,Capture,7,7
Ullrich and Sons,OC,9/2/2018,6/13/2021,"€95033665,62",68,Utilization,8,3
"Renner, Predovic and Leuschke",AS,4/29/2022,7/30/2025,"€54265544,24",62,Utilization,2,8
Morar Group,AF,5/5/2021,3/8/2024,"€60838925,62",95,Full Chain,1,9
Grant Group,AF,7/14/2021,10/23/2022,"€99994562,42",100,Full Chain,5,3
Osinski-Koss,AF,10/19/2023,5/8/2025,"€51314740,09",85,Capture,8,9
Berge-Gislason,AS,11/22/2020,2/23/2022,"€76318256,76",68,T&C,7,9
McClure and Sons,AF,8/25/2019,4/24/2024,"€35308596,41",93,Capture,2,3
Watsica LLC,AF,10/2/2021,2/27/2022,"€49259798,35",78,Capture,3,7
Kessler-Gorczany,NA,4/26/2023,3/13/2025,"€78628070,51",91,Full Chain,3,4
Thompson-Goldner,NA,2/10/2022,8/22/2023,"€51726021,58",64,Utilization,2,5
Strosin-Gerhold,EU,7/24/2023,11/9/2020,"€83648338,68",57,Capture,4,8
"Okuneva, Beatty and Hodkiewicz",NA,1/2/2020,9/4/2023,"€46017569,94",93,Capture,4,6
Funk Group,SA,7/27/2021,6/22/2023,"€60778782,69",77,Transport,4,7
Bergstrom-Padberg,OC,1/28/2020,8/24/2023,"€59865715,26",51,T&C,5,8
Langworth and Sons,NA,6/26/2023,2/6/2023,"€24659489,12",58,Full Chain,9,6
Johnston LLC,NA,2/24/2019,5/16/2025,"€23301706,78",81,Transport,9,6
Dach and Sons,EU,6/20/2019,6/25/2022,"€99931765,46",83,Full Chain,6,4
Cassin and Sons,AS,7/28/2018,8/19/2025,"€60187558,93",94,Full Chain,2,4
Mraz-Zulauf,NA,8/21/2019,10/14/2022,"€5327822,04",66,T&C,7,8
O'Kon-Ledner,NA,12/10/2019,12/19/2021,"€39187798,72",99,Full Chain,1,4
Keeling Group,NA,7/6/2022,4/14/2021,"€39415559,68",81,Transport,3,4
"Anderson, Gusikowski and Schmeler",SA,3/29/2023,8/11/2023,"€13899535,28",100,Full Chain,1,6
Heathcote-Hegmann,NA,7/16/2021,10/28/2024,"€35621124,65",71,Full Chain,6,6
"Runte, Welch and Cormier",NA,10/9/2021,4/25/2024,"€64048039,57",100,Utilization,5,9
Metz-Dibbert,OC,6/6/2018,8/16/2024,"€68194549,74",94,Transport,5,8
Anderson and Sons,NA,10/5/2019,12/30/2022,"€10862554,48",90,Transport,7,4
Connelly Group,AF,7/8/2019,8/16/2022,"€39385746,21",61,Full Chain,9,8
"Hahn, Feeney and Ullrich",AS,8/17/2022,4/25/2021,"€43493195,97",92,Transport,3,8
Huels Inc,AS,2/2/2023,3/23/2022,"€75003978,54",57,Transport,2,5
Kreiger-Feil,AS,10/28/2019,2/18/2023,"€82878985,66",50,Capture,5,4
Haag Inc,NA,6/4/2021,8/17/2025,"€12074729,40",50,Capture,9,4
Sauer-Sanford,NA,11/24/2022,2/12/2025,"€16245872,21",75,Transport,2,9
Kihn-Okuneva,AS,6/14/2018,3/12/2022,"€46759361,83",100,Full Chain,2,9
Considine and Sons,AF,8/7/2022,1/4/2023,"€51296865,96",82,Capture,6,5
Keebler-Boyle,SA,1/10/2022,3/28/2022,"€16794177,36",71,Utilization,4,3
Littel-Blick,OC,1/8/2022,9/9/2021,"€58529321,71",54,T&C,3,8
Hodkiewicz-Larkin,EU,1/22/2021,10/23/2022,"€71666126,45",57,Capture,7,7
Koch LLC,AS,10/27/2017,9/25/2023,"€76333015,47",61,Capture,8,5
"Howell, Crist and Renner",AS,9/30/2023,5/10/2023,"€61135869,68",65,Utilization,8,7
"Lueilwitz, Okuneva and Volkman",AF,4/11/2019,2/5/2022,"€81374873,22",67,T&C,7,3
Konopelski and Sons,EU,2/14/2018,3/24/2025,"€47418077,07",100,Transport,3,7
Waelchi-Gibson,OC,5/27/2023,11/19/2023,"€74304699,18",70,Capture,3,4
"Schuster, Roob and Batz",SA,1/4/2020,4/19/2025,"€54279270,46",57,Transport,2,9
"Rempel, Armstrong and Hyatt",AS,6/17/2021,4/4/2021,"€46315125,73",62,Capture,2,7
"Leffler, Mills and O'Kon",NA,2/4/2019,4/11/2021,"€83869698,96",69,Capture,2,7
"Little, Shields and Steuber",OC,10/27/2019,12/2/2021,"€56268438,45",100,Transport,4,7
"Strosin, Deckow and Haley",AF,7/2/2018,1/13/2021,"€34330835,10",51,Utilization,6,6
Johnson-Moen,OC,10/25/2023,12/3/2023,"€37704928,74",93,Transport,8,7
Dooley Inc,NA,11/1/2020,1/4/2023,"€31353938,79",56,T&C,4,5
"Kunde, Kuhn and Becker",SA,6/16/2022,7/1/2023,"€43464411,76",62,Utilization,9,3
"Beahan, Shields and Jacobson",SA,12/10/2021,4/17/2023,"€82376503,58",85,Capture,9,9
Koepp LLC,NA,9/20/2019,1/26/2023,"€95226876,66",88,Full Chain,9,3
"Pouros, Hermiston and Vandervort",OC,9/25/2018,10/6/2021,"€61566412,52",84,Full Chain,4,6
"Moore, O'Kon and Nienow",NA,2/24/2021,2/21/2024,"€65493271,43",74,Transport,7,5
Cassin Group,NA,9/14/2023,8/2/2024,"€56629005,03",77,Full Chain,5,7
Lynch-Cole,NA,9/18/2020,5/6/2025,"€67064673,99",58,Transport,7,7
Rippin Inc,OC,11/19/2018,1/27/2021,"€67516448,72",79,T&C,9,8
Jones-Jacobi,NA,2/1/2020,4/19/2022,"€96793074,57",75,Capture,2,7
Brakus-Trantow,AF,9/24/2023,7/23/2023,"€83856297,82",57,Capture,6,3
Hirthe-Vandervort,EU,6/25/2023,7/25/2021,"€82049696,16",74,Capture,1,3
"Krajcik, Prohaska and Walter",SA,10/26/2019,10/20/2021,"€87561078,30",69,Full Chain,3,7
Nienow LLC,NA,9/18/2021,6/11/2021,"€63837101,21",54,Full Chain,8,5
Frami-Douglas,AF,7/3/2021,12/20/2021,"€44577559,64",86,Capture,5,8
"Parker, Cummerata and Murray",OC,3/25/2023,2/23/2021,"€38305960,12",65,T&C,8,3
Block Inc,AF,5/31/2021,10/20/2024,"€20263110,60",84,Transport,5,6
"Botsford, Lind and Pacocha",OC,4/4/2019,3/17/2021,"€72300868,23",87,T&C,8,8
Maggio-Crist,NA,1/28/2021,1/9/2021,"€15001743,64",81,T&C,8,4
Stamm-Schmidt,NA,6/16/2023,1/31/2021,"€82642425,32",86,Capture,4,7
"Rolfson, Walker and Pagac",AS,7/9/2021,5/6/2025,"€98511798,13",55,Utilization,6,9
Jones-Reichel,NA,4/3/2018,12/6/2023,"€41697199,30",57,T&C,2,3
"Runte, DuBuque and West",EU,11/28/2021,8/13/2024,"€43800686,55",52,Capture,5,3
Feil Group,NA,8/22/2020,5/24/2021,"€52168109,13",52,Capture,6,3
"Swift, Schroeder and Abshire",SA,3/15/2023,4/9/2023,"€76664247,86",60,T&C,2,4
Stehr LLC,OC,2/24/2023,10/5/2024,"€68631119,38",94,Utilization,2,7
Schmitt LLC,EU,11/20/2017,2/5/2025,"€78712426,78",82,T&C,1,7
Stamm-Wilkinson,AS,7/16/2023,12/6/2023,"€78783974,71",87,Transport,6,7
"Auer, McLaughlin and Terry",AF,10/6/2019,5/18/2022,"€89246098,68",52,Utilization,6,7
Kuhn Inc,SA,4/27/2021,3/24/2021,"€76351664,25",82,Capture,8,5
"Hegmann, Bailey and Shanahan",EU,6/8/2020,9/3/2023,"€3032282,12",93,Transport,3,8
Ferry-Hamill,OC,12/15/2017,8/6/2023,"€50373761,44",99,Full Chain,9,9
Adams Inc,EU,7/17/2022,11/18/2023,"€79101784,98",95,Capture,3,8
"Collier, Williamson and Hermann",NA,11/17/2022,2/23/2023,"€79737471,95",70,Utilization,1,8
"Cormier, Carter and Pfeffer",AF,7/27/2023,4/26/2023,"€18067624,23",99,Capture,2,3
Maggio and Sons,AF,12/4/2020,6/11/2021,"€52996844,68",59,T&C,2,8
"Smitham, Hettinger and Rodriguez",SA,10/11/2022,10/31/2023,"€21560536,69",52,Transport,2,4
Williamson Group,NA,9/5/2022,12/27/2021,"€68749651,81",56,T&C,3,9
Schamberger-Langworth,AS,1/26/2018,2/2/2021,"€98924800,01",89,Capture,3,8
Walsh-Jerde,NA,11/29/2020,1/25/2025,"€61567610,78",89,Capture,6,8
Bode-Goodwin,OC,1/14/2019,2/3/2021,"€78608946,78",58,Capture,4,8
Frami-Christiansen,AF,1/20/2018,11/19/2023,"€52067722,13",95,Capture,3,7
Reilly and Sons,NA,12/5/2022,4/10/2022,"€5124597,08",53,Full Chain,1,3
Schumm LLC,NA,1/23/2018,1/5/2022,"€96494040,49",50,Utilization,1,4
Lemke LLC,SA,12/8/2019,10/6/2022,"€95296246,79",90,Utilization,7,7
Miller LLC,EU,1/16/2020,2/18/2021,"€9226889,63",93,Full Chain,7,8
"Nicolas, Goldner and Bogisich",AS,7/25/2021,4/1/2022,"€31806436,16",64,Transport,7,3
Kessler-Romaguera,AF,10/17/2019,8/18/2025,"€57487656,42",52,Utilization,3,6
Rolfson Inc,OC,5/3/2018,7/15/2025,"€34239567,24",72,Full Chain,8,7
"Schmidt, Senger and Hermiston",NA,6/24/2021,5/1/2024,"€36752133,50",94,Full Chain,9,5
Gottlieb-Jaskolski,NA,11/17/2020,7/19/2023,"€25630491,96",89,Utilization,9,5
Nitzsche Group,NA,4/25/2023,5/8/2021,"€54432569,27",77,Full Chain,8,8
"Goyette, Deckow and Schneider",SA,12/18/2019,1/11/2023,"€46169001,17",70,T&C,7,8
Jenkins-Brown,AF,6/7/2019,2/23/2023,"€72674620,28",83,Capture,6,6
"Tromp, Lang and Gusikowski",SA,9/10/2019,6/14/2021,"€81387783,33",81,Transport,1,3
Vandervort LLC,SA,9/7/2021,2/24/2021,"€28753008,30",93,Utilization,9,4
Schmitt LLC,AF,5/28/2020,11/19/2024,"€70918128,52",64,Capture,4,3
Stamm-Stracke,AS,7/14/2018,7/25/2021,"€61882360,85",66,Full Chain,9,5
Gutmann-Bernhard,NA,5/5/2018,11/23/2023,"€70891354,41",59,Utilization,1,6
Vandervort LLC,OC,12/28/2022,7/10/2024,"€47026279,81",86,Transport,9,7
Bahringer LLC,NA,11/3/2018,11/2/2023,"€9627079,33",87,Transport,2,9
"Haley, Kuphal and Hane",NA,11/28/2021,10/6/2022,"€17343262,79",65,Full Chain,3,6
Schaden Inc,AF,3/22/2021,9/25/2021,"€96077719,68",97,Full Chain,1,9
"Kovacek, Hagenes and Gibson",EU,6/17/2021,12/9/2020,"€25409466,39",61,Utilization,1,4
Klocko Inc,NA,9/14/2018,10/5/2023,"€79079879,59",96,Full Chain,3,7
Glover-Runolfsdottir,SA,8/14/2021,11/30/2022,"€49987613,65",82,Transport,4,8
"Bernhard, Reichert and Harvey",AF,6/23/2021,4/21/2023,"€83668452,92",70,T&C,4,7
Hauck-Ritchie,NA,3/31/2020,11/19/2020,"€33221276,77",63,Utilization,4,4
"Heidenreich, Quitzon and Johnson",EU,7/22/2022,9/19/2021,"€39957167,48",85,Utilization,1,5
Schultz-Carter,NA,2/2/2018,3/31/2021,"€83252264,59",82,Capture,7,4
"Ullrich, Mayert and Jacobs",OC,4/19/2023,4/2/2021,"€51449268,45",67,Full Chain,9,6
Hayes and Sons,EU,11/15/2018,9/22/2024,"€93334507,19",87,Full Chain,9,4
Boyer and Sons,NA,2/24/2018,10/30/2022,"€82493444,69",98,Utilization,5,4
Hilll Group,NA,4/18/2021,9/16/2024,"€56770441,18",50,T&C,3,5
Sanford-Lubowitz,OC,6/27/2020,6/6/2023,"€62719217,16",79,T&C,8,5
Hammes-Littel,AS,12/23/2019,3/3/2022,"€79608361,64",58,Capture,2,5
Yost-Hilll,AS,11/18/2022,11/3/2022,"€29962691,89",56,Capture,3,9
Feest-Boyer,NA,9/26/2022,5/7/2022,"€69458205,77",74,Capture,9,8
"Luettgen, Borer and Medhurst",AS,1/9/2023,2/19/2024,"€98038749,68",90,Full Chain,5,9
Ebert-Jaskolski,SA,4/23/2018,9/12/2022,"€91046645,90",71,Utilization,7,9
Hickle and Sons,OC,7/24/2022,5/26/2023,"€42507511,06",56,Transport,3,5
Roberts LLC,SA,2/4/2020,4/28/2023,"€87200268,26",95,Capture,3,5
Schultz-Weimann,NA,3/20/2022,12/1/2021,"€99988311,94",85,Utilization,9,5
Reichel-Botsford,AF,10/10/2020,7/9/2024,"€69668255,78",60,Capture,5,4
Rath-McDermott,NA,6/7/2023,8/29/2022,"€83328738,80",88,T&C,9,9
Runte Inc,NA,1/18/2019,2/11/2021,"€47804078,29",65,Utilization,4,3
Feeney-Howe,NA,3/24/2021,6/15/2023,"€56320730,20",95,Transport,4,7
"Kihn, Nienow and Wolf",NA,8/1/2020,7/24/2021,"€96829194,56",76,Full Chain,4,9
Hilpert-Berge,SA,7/20/2020,7/24/2022,"€84802762,30",94,Transport,1,3
"Satterfield, Goldner and Runte",NA,8/2/2019,11/17/2024,"€97980460,35",77,Utilization,6,4
"Veum, Schumm and Jenkins",AF,8/23/2022,2/5/2024,"€60245500,90",64,Capture,6,7
Macejkovic and Sons,NA,9/14/2020,7/29/2024,"€66307053,95",71,T&C,9,8
Howe-Greenfelder,EU,4/23/2022,3/19/2022,"€30284851,93",100,Capture,5,6
Pagac-Reilly,OC,3/31/2022,9/2/2021,"€71027745,61",82,Capture,4,3
Johnston Inc,NA,4/26/2021,11/10/2022,"€62905071,89",89,Capture,8,3
King Group,AF,7/19/2019,11/18/2020,"€36116860,08",76,Full Chain,9,4
Greenfelder Group,NA,9/19/2021,5/25/2022,"€3078432,45",80,Full Chain,1,8
"Torp, Gulgowski and Yost",AF,6/28/2020,3/28/2021,"€85491658,23",87,Utilization,8,4
Hauck-Farrell,SA,11/27/2021,2/21/2025,"€94977022,40",94,Capture,2,4
Hayes and Sons,NA,2/22/2022,10/26/2022,"€2924549,74",93,Utilization,7,5
Mayer and Sons,NA,7/27/2019,5/24/2022,"€60191460,14",57,Transport,4,3
"Veum, Raynor and Zulauf",AS,6/26/2021,6/11/2025,"€88211186,90",93,Utilization,2,7
Kilback LLC,EU,6/6/2023,11/13/2024,"€22251957,08",78,Capture,8,9
Sporer Group,OC,1/20/2023,6/12/2025,"€67179097,32",56,T&C,6,6
Murray Group,NA,10/14/2019,7/24/2021,"€63184604,77",100,Full Chain,9,3
"Wolf, White and Kilback",OC,12/1/2021,7/25/2023,"€3397006,95",94,T&C,8,5
Hilll Group,NA,6/19/2020,12/15/2023,"€90425290,63",68,Utilization,9,7
Brown Inc,AS,12/14/2017,6/10/2025,"€30572269,74",65,T&C,4,4
"Runolfsdottir, Bogan and Hamill",EU,9/3/2020,7/10/2024,"€9882952,46",80,Utilization,8,9
Schoen-Brekke,OC,7/12/2019,12/11/2020,"€96496868,55",87,Transport,6,4
Crooks and Sons,NA,4/27/2020,3/20/2022,"€34989441,35",85,T&C,8,5
Kris Group,NA,7/16/2018,8/28/2024,"€93174394,79",67,Full Chain,2,3
MacGyver-Haag,OC,11/2/2020,2/26/2021,"€9925406,74",81,Capture,8,3
Cole-Wisozk,EU,8/8/2023,2/29/2024,"€63339842,15",51,T&C,6,3
Bosco Group,OC,10/10/2019,10/3/2021,"€70488188,71",87,Transport,5,3
"Ernser, Pollich and Turcotte",NA,10/27/2018,3/21/2022,"€18950609,87",99,T&C,4,6
Schultz Group,EU,1/21/2021,12/3/2023,"€30742564,53",51,T&C,7,6
Will Inc,OC,3/29/2020,11/22/2021,"€10975293,52",69,Full Chain,3,9
Mueller-Kub,AS,7/12/2018,1/12/2021,"€3304233,13",89,Utilization,5,6
Zemlak-McLaughlin,OC,1/13/2023,12/12/2022,"€82125497,06",96,Capture,5,7
"Hane, Jakubowski and Connelly",NA,12/18/2018,8/27/2021,"€52350112,62",82,Full Chain,1,8
Feeney Inc,EU,8/18/2023,1/26/2022,"€82750179,54",100,Capture,7,3
Schowalter and Sons,AF,9/26/2020,4/4/2021,"€49949255,81",96,Capture,9,5
Ritchie Inc,AS,11/23/2022,7/15/2022,"€78415694,65",92,T&C,5,9
"Casper, Dare and Champlin",NA,1/24/2020,5/26/2022,"€40125586,78",76,Capture,1,3
Wyman-Gibson,SA,1/30/2023,4/9/2021,"€28372924,46",88,Utilization,1,9
"Hagenes, Dare and Dickens",AF,4/17/2020,4/11/2023,"€70824835,80",91,T&C,5,6
"Kshlerin, Frami and Marks",AS,8/12/2020,5/22/2023,"€29310194,74",91,Utilization,5,7
"McLaughlin, Nitzsche and Schiller",AF,2/9/2023,4/28/2023,"€46366538,61",94,Full Chain,6,9
Blick Inc,AS,6/25/2020,6/23/2021,"€97406492,82",87,Full Chain,3,9
Koepp Group,SA,6/25/2022,3/27/2025,"€36119172,09",81,Transport,4,9
White-Durgan,OC,9/28/2023,7/21/2024,"€90858614,45",80,Full Chain,3,4
Buckridge-Lehner,AF,7/29/2020,11/26/2023,"€7402456,93",92,Transport,2,6
"Fahey, Johns and Schneider",AS,2/18/2020,7/4/2022,"€89316164,99",52,Utilization,8,7
"Schumm, Lakin and Bednar",NA,10/12/2019,12/7/2021,"€35462616,57",75,Transport,7,9
"O'Keefe, Runte and Crooks",AS,10/4/2023,1/23/2024,"€82135578,16",66,Full Chain,2,4
Yundt-Mayert,NA,11/7/2019,9/30/2023,"€19473716,19",63,Transport,6,8
Heaney-Corkery,AS,8/23/2021,5/1/2023,"€59156278,74",82,Capture,1,3
Zulauf-Lang,NA,11/24/2021,2/22/2021,"€67522180,30",64,T&C,3,4
Hirthe Group,SA,3/18/2021,11/25/2024,"€16306771,67",73,Transport,5,7
Bode Group,NA,12/1/2022,1/5/2023,"€25835894,38",91,Utilization,2,3
Conn LLC,EU,12/8/2022,11/17/2021,"€98744138,13",91,Transport,4,7
Gutmann Group,NA,10/12/2023,1/15/2023,"€90699326,63",78,Capture,6,5
Kautzer and Sons,NA,2/2/2018,12/31/2024,"€93349366,15",54,Full Chain,1,9
"Pouros, Tillman and Macejkovic",SA,10/11/2020,8/28/2022,"€91346587,24",62,T&C,4,6
Hermann and Sons,EU,2/23/2023,1/29/2022,"€85600304,34",89,Capture,6,3
Runolfsdottir Inc,NA,9/20/2022,11/17/2021,"€62997012,75",95,Capture,9,9
Rath-Greenfelder,OC,8/9/2021,6/22/2023,"€71514419,24",78,Capture,9,7
Treutel-Tromp,NA,7/14/2023,7/4/2024,"€81760112,82",79,Full Chain,3,7
"Ernser, Sporer and Yundt",NA,7/22/2019,5/12/2023,"€26939200,62",90,Full Chain,2,4
Daniel Group,NA,10/19/2021,6/10/2022,"€33688618,45",77,T&C,8,8
Durgan-Ondricka,AF,8/20/2019,6/6/2024,"€14944546,25",80,Utilization,6,5
Abshire-Robel,SA,3/23/2020,11/25/2020,"€55728351,13",85,T&C,5,9
Christiansen and Sons,SA,5/17/2020,3/8/2024,"€32301530,68",94,Capture,7,8
"Heller, Kutch and Hand",NA,9/2/2023,9/15/2022,"€92607899,62",70,Capture,7,4
"Kihn, Schowalter and Lowe",NA,1/21/2018,8/31/2021,"€39286009,28",85,Capture,1,5
Bartoletti-Purdy,NA,5/17/2019,8/2/2023,"€69802601,06",85,Transport,2,3
Kertzmann-Hagenes,AS,9/30/2018,8/19/2022,"€42027043,02",83,Full Chain,2,7
Reynolds Group,NA,8/14/2019,8/20/2024,"€91760037,07",74,Utilization,1,5
Spinka-Huels,NA,1/31/2022,12/17/2020,"€28865424,31",99,Transport,5,6
Kilback-Rutherford,SA,12/14/2021,1/3/2023,"€9291842,76",66,Transport,1,6
"Dietrich, Wintheiser and Turner",EU,10/15/2019,10/8/2023,"€25076217,32",100,Full Chain,2,3
Bernier and Sons,NA,8/26/2020,3/4/2024,"€80704717,63",58,Transport,6,5
Paucek Inc,EU,7/16/2018,2/24/2022,"€99744243,42",90,Transport,2,9
Wiza-Koch,EU,3/21/2023,8/5/2023,"€37762839,86",99,Transport,8,4
Smith and Sons,NA,2/26/2018,6/19/2024,"€11927177,49",80,Transport,4,5
O'Connell LLC,EU,1/16/2022,5/5/2024,"€42399545,08",99,Capture,5,9
Feil-Armstrong,OC,11/21/2018,8/25/2021,"€26739656,37",79,Transport,1,9
Prohaska and Sons,NA,11/24/2022,3/29/2021,"€61209796,84",100,T&C,1,5
Watsica-Murray,EU,8/12/2022,4/17/2021,"€54491211,93",57,Transport,4,6
"Rath, Sporer and Beatty",OC,3/18/2018,10/15/2021,"€46099099,85",93,Full Chain,6,5
"Lakin, Prosacco and Anderson",OC,7/10/2023,5/10/2024,"€36343098,70",100,Full Chain,2,4
"Konopelski, Dibbert and Barton",AS,3/22/2020,12/24/2022,"€14741390,77",78,T&C,5,5
Lind-Kuhic,NA,8/14/2020,1/11/2022,"€93503269,95",96,Transport,7,8
Mante-Shanahan,NA,7/10/2023,10/7/2022,"€59866500,22",94,T&C,3,3
Parisian Group,EU,11/6/2021,4/28/2023,"€45612261,72",51,Transport,8,3
"Graham, Goyette and Kulas",NA,4/12/2022,1/26/2024,"€29040991,38",90,Utilization,8,3
"Kihn, Kemmer and Stanton",NA,2/10/2019,12/9/2023,"€83285772,21",76,Transport,7,4
"Osinski, Ruecker and Graham",SA,10/22/2021,3/24/2025,"€20672146,83",57,Utilization,6,3
Heathcote-Senger,OC,9/8/2022,8/10/2022,"€32193873,43",65,Capture,2,5
"Jenkins, Turcotte and Orn",AF,10/16/2020,9/3/2024,"€92479408,21",78,Utilization,4,8
Russel-Koelpin,SA,3/21/2018,3/6/2024,"€52825381,67",66,Transport,1,4
"Murray, Cummerata and Renner",EU,12/13/2020,11/24/2020,"€38808477,95",75,Full Chain,9,9
Padberg-Raynor,AS,2/3/2022,10/4/2021,"€27431735,18",92,Full Chain,5,6
"Kunze, Kutch and Brown",SA,3/9/2018,6/1/2023,"€64366310,22",68,Transport,3,4
O'Conner-Runte,EU,8/28/2023,4/7/2023,"€4681727,41",78,Capture,4,4
O'Hara-Hansen,NA,1/21/2018,11/13/2020,"€84097923,59",53,Capture,5,4
"Hermann, Douglas and Koelpin",NA,5/3/2020,8/13/2025,"€53861578,59",63,Full Chain,6,7
Mueller Inc,NA,2/28/2023,3/20/2021,"€43421376,60",70,Transport,4,3
Towne Inc,NA,6/17/2021,9/18/2022,"€50593730,48",52,Full Chain,9,6
Kohler and Sons,AF,3/1/2022,2/14/2021,"€4674623,93",59,T&C,2,9
Schulist-Botsford,EU,7/18/2023,5/24/2024,"€74736136,70",56,Transport,4,4
"Bergnaum, Hickle and Feest",EU,2/11/2023,1/6/2023,"€90554717,47",86,Utilization,6,3
Hahn and Sons,NA,2/25/2023,7/29/2025,"€59318233,23",88,Full Chain,8,5
Kunze-Muller,EU,1/1/2019,4/14/2021,"€64648905,87",93,Utilization,7,4
"Crooks, Crona and Feeney",AF,10/18/2018,5/13/2021,"€74340287,47",65,Full Chain,5,6
Herman Group,AS,8/8/2019,1/7/2023,"€71951498,44",98,T&C,2,5
"Satterfield, Jakubowski and Wiegand",NA,2/25/2023,9/4/2022,"€4380134,17",69,T&C,4,6
"Waelchi, Dickens and Bauch",NA,4/26/2022,7/11/2023,"€43025216,07",96,Capture,2,4
Hansen-Rolfson,AS,8/26/2021,7/24/2025,"€6114029,41",88,Utilization,3,3
"Rempel, Mante and Heaney",AS,9/2/2020,9/3/2021,"€82179773,30",95,T&C,8,3
"O'Connell, Schamberger and Gusikowski",OC,11/30/2019,4/19/2022,"€95617415,24",87,Full Chain,1,8
Rogahn-McLaughlin,NA,11/18/2020,4/26/2024,"€34914936,60",91,Transport,5,6
Heaney LLC,AS,3/11/2018,11/22/2020,"€32458224,09",100,Capture,8,6
Farrell LLC,NA,9/1/2023,1/7/2022,"€12471486,69",71,Transport,9,5
Keeling-Lebsack,NA,6/10/2022,6/17/2023,"€64460179,43",83,Full Chain,1,7
Upton-Klein,NA,8/12/2021,6/18/2022,"€64714599,36",96,Utilization,3,3
Fay and Sons,AF,7/23/2021,4/3/2024,"€8412704,65",80,Capture,5,5
Moore and Sons,AS,5/4/2019,5/28/2021,"€72260737,02",66,Transport,7,3
Russel-Bernier,NA,11/29/2020,11/30/2022,"€93782190,14",91,Full Chain,7,9
Harber Inc,SA,9/17/2023,10/6/2021,"€55148641,51",70,T&C,1,7
Bernier Group,AS,10/25/2020,12/29/2020,"€89444469,48",76,Capture,5,7
"Casper, Tillman and Toy",NA,4/12/2018,2/25/2025,"€23849929,41",97,Utilization,1,3
Hessel-Hauck,AF,6/20/2023,3/8/2021,"€20961915,11",86,Transport,5,9
"Braun, Leffler and Shields",AF,2/11/2019,1/13/2021,"€11070244,55",67,Transport,8,3
Bergstrom and Sons,SA,4/27/2020,7/2/2024,"€56355483,67",91,T&C,1,9
Padberg LLC,AS,8/21/2021,8/30/2021,"€70008626,83",62,Transport,4,3
"Barrows, Roob and Heathcote",NA,1/30/2022,9/1/2023,"€72873072,38",87,Utilization,9,7
"Zieme, Armstrong and Mosciski",AS,9/5/2019,5/4/2021,"€30867296,89",56,Transport,2,3
Doyle Inc,SA,3/15/2021,6/21/2021,"€11660532,02",56,Full Chain,7,5
Bednar-Oberbrunner,NA,8/11/2022,1/5/2021,"€4064453,16",55,Full Chain,7,8
"Schimmel, Goyette and Lockman",SA,1/2/2020,5/31/2023,"€41310156,89",51,Utilization,6,5
Wehner Inc,NA,12/11/2019,1/5/2021,"€79904662,09",78,Capture,1,8
Monahan-Leuschke,EU,8/25/2021,3/23/2022,"€44823327,99",83,T&C,2,4
Douglas Inc,NA,10/26/2019,4/7/2022,"€33664312,36",51,Full Chain,8,8
"Stehr, Waelchi and McDermott",NA,2/2/2023,11/18/2020,"€26646387,48",51,Transport,9,3
Fisher-Dibbert,OC,9/14/2021,6/11/2025,"€31780651,84",66,Full Chain,9,4
"Hilll, Cassin and Hegmann",NA,10/11/2018,6/20/2021,"€60922100,35",61,Full Chain,7,4
"Turner, Johnson and McLaughlin",AF,2/25/2018,8/16/2025,"€96265120,27",59,Full Chain,5,8
Hodkiewicz-Daniel,NA,7/24/2020,6/21/2023,"€91236077,60",54,T&C,5,6
Nader and Sons,AS,3/7/2019,4/14/2023,"€73076061,68",51,T&C,2,9
DuBuque-Sporer,AS,6/9/2023,4/15/2022,"€2167665,98",59,T&C,9,7
Littel and Sons,SA,2/25/2022,2/23/2025,"€36567075,53",61,Utilization,8,5
Lesch-Torp,AS,11/19/2019,9/19/2022,"€47343883,27",50,Utilization,6,8
"Swaniawski, Turcotte and Schmeler",OC,12/14/2020,5/12/2024,"€3357214,35",95,T&C,9,8
"Collier, Crooks and Heathcote",AF,4/6/2018,9/26/2021,"€13306625,07",56,Capture,6,4
Harvey Group,NA,6/19/2019,6/25/2024,"€46757837,31",66,Utilization,4,4
Schmeler Group,NA,3/6/2020,12/30/2023,"€58354127,27",88,T&C,8,8
"Ernser, Auer and Bode",EU,9/6/2019,7/21/2021,"€88928459,30",51,Utilization,1,7
"Kuphal, Mraz and Tromp",NA,9/12/2021,1/31/2022,"€48549114,29",69,Transport,2,6
Durgan-Stoltenberg,OC,7/28/2019,2/23/2023,"€98045330,40",69,Utilization,1,3
Auer-Reichel,EU,8/9/2022,2/20/2024,"€94166597,11",65,Utilization,6,9
Schumm LLC,AS,7/13/2018,6/1/2023,"€69981596,88",67,Capture,1,9
Dickinson Group,AS,3/25/2018,7/22/2024,"€75908742,27",57,T&C,5,4
"Ullrich, Legros and Harvey",NA,2/11/2019,6/17/2021,"€84571388,59",85,T&C,2,5
"Krajcik, Schumm and Gottlieb",NA,5/27/2018,6/29/2024,"€44445547,42",92,Transport,9,9
"Simonis, Berge and Rippin",EU,11/20/2019,9/12/2022,"€32429024,22",72,Capture,4,6
Reilly LLC,NA,5/5/2020,1/14/2024,"€77662569,61",51,Transport,4,9
Murphy-Padberg,OC,5/14/2023,10/6/2023,"€16538701,85",83,T&C,5,8
Bartoletti Inc,AS,12/21/2022,6/15/2023,"€13230336,34",61,Utilization,2,4
Lueilwitz-Mitchell,AF,7/1/2022,8/14/2025,"€79421568,26",60,Utilization,1,3
Weimann-Friesen,NA,7/18/2022,9/9/2021,"€84503128,34",82,Full Chain,8,9
"Doyle, Terry and Koch",EU,4/9/2022,3/19/2023,"€58291258,24",65,Transport,4,9
Koch Group,AS,12/28/2019,3/18/2025,"€37997742,45",90,Full Chain,2,8
"VonRueden, Purdy and Fadel",AS,9/19/2018,4/14/2024,"€88741475,36",76,Utilization,8,9
Reinger-Nolan,AF,1/30/2019,7/2/2021,"€25566098,37",59,Transport,2,5
Wolf Group,AF,2/26/2019,5/30/2024,"€72316538,23",69,Transport,7,4
Purdy Group,NA,3/17/2020,11/17/2023,"€16030282,50",78,Transport,3,7
Wolff Group,AF,10/31/2022,12/8/2020,"€57439919,00",93,T&C,7,8
Muller-Stoltenberg,EU,5/3/2020,2/15/2021,"€5785181,13",89,Transport,7,3
Abernathy and Sons,NA,12/14/2017,6/8/2023,"€74793679,92",76,Utilization,8,6
Feest-Douglas,NA,10/6/2020,9/27/2023,"€11909469,17",59,Full Chain,9,8
"Gerhold, Raynor and Yost",EU,4/21/2018,1/26/2024,"€45449724,41",85,Transport,5,7
Johnson-Turner,EU,10/24/2022,4/4/2022,"€27303959,81",96,Utilization,3,8
Waelchi-Heller,NA,2/25/2019,5/28/2025,"€81428101,79",82,Capture,7,4
Emard LLC,OC,2/14/2021,2/10/2023,"€22525343,95",100,Full Chain,2,5
"Goldner, Will and Bins",OC,1/7/2019,6/6/2021,"€93392242,17",79,Transport,5,9
"Rosenbaum, Auer and Stanton",EU,5/10/2022,2/21/2024,"€13725531,83",77,Transport,8,9
Brekke and Sons,AS,2/15/2018,1/30/2025,"€18679078,63",79,Full Chain,3,8
"Muller, Nitzsche and Brekke",AF,3/4/2020,5/2/2022,"€73749181,61",61,Capture,2,8
Dibbert-Crist,NA,1/5/2019,4/26/2025,"€45202982,11",56,Utilization,7,8
Feest and Sons,SA,3/5/2022,9/3/2021,"€4331060,53",53,Utilization,6,3
Wilderman-MacGyver,NA,9/3/2021,6/30/2022,"€10873817,91",66,Full Chain,7,8
Pagac-Brown,SA,8/17/2018,4/4/2025,"€34966299,95",82,Capture,9,7
Adams-Schmitt,SA,6/14/2022,3/14/2022,"€36967115,26",91,Transport,5,5
Dooley Group,AS,11/27/2018,7/24/2023,"€16632920,06",66,Utilization,3,7
Simonis LLC,EU,3/5/2019,7/13/2023,"€67333083,94",53,Full Chain,1,7
"Rogahn, Mayert and Glover",AF,9/15/2018,3/17/2023,"€10478495,19",65,Full Chain,9,3
"Ryan, Gottlieb and Bogisich",SA,8/8/2019,5/22/2025,"€41260768,27",95,Capture,6,6
Klein-Schinner,OC,9/8/2021,6/7/2024,"€89888398,57",99,T&C,7,3
"Flatley, Willms and Larkin",NA,9/1/2020,5/9/2023,"€94721335,32",96,Transport,6,9
Kerluke-Mayert,EU,1/19/2019,11/1/2020,"€85096952,68",73,Transport,4,4
"Herman, Larson and Green",NA,5/11/2023,6/4/2024,"€62716181,96",73,Full Chain,5,3
Fay-Dicki,NA,1/23/2021,10/11/2023,"€52431106,21",57,Transport,3,7
Corkery and Sons,AF,11/13/2020,6/22/2021,"€15734745,49",79,Utilization,2,4
Orn-Franecki,OC,7/23/2023,2/5/2022,"€81456890,24",83,Transport,1,4
Herzog Inc,OC,3/23/2019,2/13/2024,"€90535899,32",88,Capture,8,3
Block and Sons,OC,4/26/2023,2/14/2021,"€16387516,41",79,Utilization,1,7
"Windler, Emard and Will",NA,2/9/2020,8/19/2024,"€84704248,02",83,Utilization,5,9
"Wyman, Littel and Lemke",AS,8/9/2020,6/19/2023,"€14527622,62",91,Full Chain,6,3
Ebert-Rolfson,NA,6/2/2023,9/26/2021,"€61709252,52",54,Utilization,2,3
Larkin-Lind,EU,6/8/2023,10/4/2021,"€54445415,24",54,Full Chain,3,6
"Macejkovic, Anderson and Romaguera",EU,9/24/2022,5/24/2024,"€80970105,11",95,Transport,5,5
"Altenwerth, Monahan and Rutherford",AS,2/20/2021,10/17/2021,"€74566750,14",81,Utilization,6,4
Cole LLC,OC,8/24/2019,11/1/2024,"€1764454,21",61,Transport,6,8
Nolan-Harris,EU,2/20/2021,8/17/2025,"€42662359,41",70,T&C,6,3
"Nitzsche, Stehr and Zemlak",SA,12/10/2020,4/22/2024,"€2958699,82",69,Transport,5,9
Kling-Torp,AS,9/4/2018,5/2/2023,"€93032857,06",60,Utilization,7,5
Ledner and Sons,NA,5/8/2019,12/21/2020,"€65550871,19",74,Capture,7,9
"Goldner, Vandervort and Ledner",NA,5/13/2018,6/21/2022,"€9658284,70",54,Capture,2,3
"Koch, Bartell and Wilderman",NA,10/14/2021,1/10/2024,"€14395751,08",53,T&C,3,4
"Kling, Swift and Pollich",NA,11/14/2020,7/2/2024,"€28788226,36",57,T&C,7,5
Dibbert-Armstrong,AF,6/1/2019,3/6/2022,"€41846535,75",73,Full Chain,1,6
"Schmitt, Haley and Prohaska",NA,4/22/2021,10/15/2022,"€63812632,68",91,T&C,8,7
"Wiegand, Mante and Zemlak",NA,10/13/2019,7/14/2025,"€32178290,28",67,Transport,4,7
"Goodwin, Heathcote and Hodkiewicz",NA,1/2/2022,8/20/2024,"€29459995,76",97,Capture,6,6
Runte and Sons,NA,6/22/2019,11/19/2023,"€72273747,85",85,Utilization,8,5
Kunze LLC,SA,11/4/2018,1/19/2024,"€88005997,53",53,Full Chain,2,7
Lebsack LLC,AF,4/23/2022,6/21/2023,"€1459348,19",73,Capture,3,3
Rosenbaum-Balistreri,AF,10/16/2022,7/24/2025,"€80759315,99",74,T&C,3,8
"Mills, Johnson and Okuneva",NA,4/26/2020,7/2/2025,"€38994699,81",94,Full Chain,9,4
Leffler Inc,NA,5/6/2022,9/23/2023,"€88966534,67",65,T&C,1,7
Nienow and Sons,NA,3/29/2019,4/27/2021,"€65947702,95",76,Capture,7,7
Emard Group,NA,4/7/2019,5/9/2024,"€6792201,18",62,T&C,9,3
"Klein, Weimann and Volkman",EU,7/9/2019,4/3/2025,"€65997521,43",75,Transport,7,7
Rutherford LLC,NA,7/16/2018,8/13/2022,"€53752814,83",77,T&C,8,6
Spencer and Sons,AS,10/17/2023,1/26/2023,"€19767428,38",90,Capture,4,7
Zemlak Inc,SA,10/28/2018,1/21/2025,"€43372582,65",90,Capture,8,7
Murazik Inc,AF,2/6/2022,9/3/2023,"€2669771,73",82,Utilization,8,6
Shanahan-Kuphal,SA,2/9/2018,9/17/2024,"€17014796,26",60,T&C,2,3
Boyle-Leuschke,NA,8/3/2019,8/11/2022,"€6389272,94",97,Full Chain,7,9
Hoppe Group,NA,4/7/2022,7/22/2025,"€19847945,85",90,Utilization,4,9
"Keeling, Howell and Rippin",NA,1/29/2018,4/25/2025,"€58837822,30",54,Utilization,9,9
Halvorson-Conroy,EU,4/23/2019,1/20/2023,"€8404300,01",56,T&C,3,9
Wilkinson Inc,EU,11/18/2018,6/27/2021,"€94587131,35",86,Transport,1,4
Wolf-Pollich,AS,9/28/2018,5/18/2025,"€65519390,95",72,Transport,9,5
"Shanahan, Hand and Pagac",OC,9/23/2018,5/12/2025,"€36411806,91",75,Utilization,9,6
"Heaney, Legros and Green",AS,1/15/2019,4/8/2021,"€49685839,50",83,Utilization,7,5
Schimmel-Deckow,NA,12/13/2022,10/22/2021,"€63563133,01",73,Utilization,1,6
Rempel-Kulas,OC,11/5/2020,7/4/2022,"€2641942,93",72,Capture,9,3
Bernhard Group,NA,4/28/2021,3/12/2021,"€55132935,90",74,Utilization,8,6
Cronin-Kiehn,EU,9/5/2019,4/16/2025,"€92154173,94",64,Capture,7,7
"Breitenberg, Walsh and Sporer",AF,6/20/2021,3/9/2024,"€62811813,81",86,Capture,9,8
Hamill Group,AF,5/7/2018,7/11/2024,"€14889716,82",69,Transport,5,3
"Schinner, Bayer and Schaden",NA,12/25/2021,9/11/2021,"€10729833,11",73,Transport,9,6
Borer Inc,NA,11/29/2019,2/14/2024,"€29244619,97",75,Full Chain,2,8
Bruen Group,AF,4/2/2023,1/16/2021,"€90788092,88",85,Capture,8,8
"Hoeger, Kessler and Labadie",NA,11/15/2019,7/2/2023,"€10751570,47",50,T&C,8,7
Waelchi-Pacocha,EU,7/28/2021,1/26/2023,"€83915049,17",77,Utilization,2,9
"Donnelly, Koelpin and Harvey",NA,6/25/2021,7/19/2021,"€53004332,99",56,Full Chain,6,7
Koch-Schuster,SA,12/6/2020,7/11/2024,"€18540103,67",57,Transport,7,7
Denesik and Sons,AF,8/5/2022,6/13/2021,"€69371756,61",83,Capture,6,6
Douglas Inc,NA,4/23/2023,6/15/2023,"€14345895,55",91,Capture,4,9
Brakus Group,AS,3/7/2018,7/26/2024,"€50000205,28",66,Utilization,1,6
Hamill Inc,NA,1/13/2020,1/1/2023,"€61981055,81",52,Full Chain,9,5
Reichert Group,NA,6/30/2022,7/9/2025,"€19003649,07",61,Transport,3,7
Strosin-Pfannerstill,AF,3/14/2022,1/9/2024,"€88571223,96",84,Full Chain,1,4
Jenkins-Torp,EU,9/2/2018,10/8/2024,"€82388623,91",55,Capture,8,4
Kessler and Sons,OC,5/23/2018,12/26/2024,"€41100472,03",66,Transport,4,9
DuBuque LLC,EU,5/30/2020,12/9/2022,"€48260377,75",69,T&C,1,8
Sawayn Group,NA,6/15/2022,8/26/2022,"€23515232,77",70,Transport,8,7
Reichert-Dietrich,AF,2/6/2021,11/23/2020,"€43234501,00",57,T&C,3,6
"Wunsch, Maggio and Senger",AF,12/1/2020,3/31/2025,"€23630461,97",74,Full Chain,3,3
"Schultz, Mohr and Weissnat",OC,10/20/2019,11/24/2020,"€43865943,21",77,Transport,9,4
Cummerata-Hahn,OC,1/11/2022,10/1/2023,"€33019919,94",57,Full Chain,5,8
Kerluke-Abshire,NA,12/14/2018,8/12/2025,"€29338300,53",86,Full Chain,5,8
O'Connell Group,AS,7/18/2022,10/9/2024,"€82598636,74",65,Transport,7,3
"Hammes, Keeling and Olson",NA,1/7/2022,7/23/2022,"€80195825,54",97,T&C,5,6
Bergnaum-Goyette,EU,5/20/2021,6/10/2022,"€3924061,20",60,Utilization,1,9
Jakubowski Inc,OC,3/1/2022,2/4/2024,"€49386520,32",71,Full Chain,2,7
"Fritsch, Kuhlman and Bashirian",NA,1/30/2022,8/7/2025,"€32256641,12",94,Capture,6,8
Ortiz-Hackett,AS,12/15/2018,9/9/2024,"€91753490,47",74,Utilization,3,7
Willms-Kilback,OC,5/3/2019,9/27/2024,"€96606914,70",50,Utilization,1,3
Goldner-Schaefer,NA,1/1/2020,8/31/2023,"€76169049,43",91,Full Chain,6,5
"Lang, Casper and McDermott",EU,3/1/2021,10/8/2023,"€63437900,72",91,Full Chain,6,5
Ziemann-Kessler,SA,1/7/2020,2/13/2024,"€1189319,64",58,Capture,1,3
O'Connell LLC,EU,7/26/2020,1/5/2023,"€62407612,45",83,Capture,9,4
"Jerde, Monahan and Ebert",OC,8/21/2023,8/7/2021,"€21231549,07",91,Utilization,4,8
"Casper, Walker and Yundt",NA,1/9/2021,5/2/2023,"€64777712,86",62,T&C,9,3
Bernhard-Konopelski,OC,10/2/2021,4/2/2025,"€93886403,44",79,T&C,4,8
Murazik-White,EU,10/4/2019,2/18/2025,"€92547174,43",86,Full Chain,1,4
Renner LLC,OC,5/25/2023,1/23/2024,"€63754144,71",54,Capture,9,6
Block-Sawayn,OC,12/29/2019,8/27/2021,"€27859503,12",99,Capture,1,3
Leuschke LLC,OC,9/5/2020,5/1/2021,"€67242392,21",54,Transport,7,4
"Brown, Barton and Botsford",SA,5/11/2023,9/16/2023,"€57734309,09",93,Full Chain,2,8
"Corwin, Hodkiewicz and Rippin",NA,2/4/2023,5/7/2022,"€43832661,31",97,Transport,6,3
"Balistreri, Beer and Grant",SA,5/27/2021,7/21/2021,"€5057199,37",77,Full Chain,8,3
Harris-Vandervort,SA,12/21/2018,11/12/2024,"€55359894,39",61,Utilization,9,6
Auer-Koss,NA,5/31/2021,10/25/2023,"€89903448,37",90,Transport,6,8
"Corkery, Reynolds and Lueilwitz",SA,4/12/2019,6/28/2022,"€66288621,44",74,T&C,3,5
"Medhurst, Bruen and McCullough",OC,7/31/2019,2/16/2025,"€72195935,66",92,Utilization,9,7
Osinski Inc,AF,9/21/2021,1/21/2024,"€18561159,49",81,Utilization,3,4
Hudson-Turcotte,AF,2/16/2019,11/21/2022,"€85763296,95",69,Capture,4,5
Watsica LLC,NA,8/19/2020,5/21/2023,"€14762528,31",70,Full Chain,5,4
Yundt Inc,SA,9/23/2020,5/5/2024,"€99741993,47",79,T&C,3,7
Wisoky-Klein,EU,1/31/2018,3/14/2023,"€72052837,59",96,Transport,1,6
"Leuschke, Turner and Bailey",AS,7/27/2022,7/8/2025,"€39929288,26",59,Transport,6,5
"Parker, Pagac and Rath",AF,3/22/2021,4/25/2025,"€98447571,82",92,Transport,7,3
Bartoletti-Wehner,NA,12/29/2017,2/15/2024,"€65013680,94",57,Utilization,5,7
Volkman and Sons,OC,9/9/2023,8/22/2021,"€92267554,89",100,Full Chain,2,7
"Sanford, Balistreri and O'Conner",OC,10/26/2022,7/1/2023,"€16284846,30",100,Full Chain,7,3
Smith LLC,AS,1/19/2020,4/28/2021,"€60801326,84",54,Capture,3,6
Lesch-Corwin,OC,8/4/2023,5/18/2021,"€22736198,52",98,T&C,4,4
Schmidt Group,AF,4/9/2018,6/17/2022,"€20138747,02",51,T&C,5,9
Tillman-Legros,AF,3/8/2018,11/25/2023,"€4145859,70",98,Utilization,5,8
Trantow-Bayer,NA,7/15/2021,8/23/2023,"€52496359,71",70,T&C,4,8
O'Reilly LLC,AS,9/9/2023,3/29/2021,"€77814324,15",66,Full Chain,1,9
Hand LLC,NA,6/26/2021,7/14/2021,"€68007522,82",59,Capture,6,4
Emmerich-Schoen,NA,8/1/2019,11/1/2022,"€9659475,27",90,Full Chain,5,5
"Jerde, Aufderhar and Leannon",SA,3/12/2020,9/7/2022,"€53410055,19",55,T&C,3,7
Watsica-VonRueden,OC,3/24/2020,6/5/2025,"€16721755,10",73,T&C,2,6
Parker and Sons,OC,10/4/2023,11/23/2021,"€55717593,79",75,Capture,6,8
Blick Inc,AF,5/20/2021,11/15/2020,"€19146621,58",66,Capture,4,4
Ruecker and Sons,OC,11/27/2017,1/8/2025,"€28123934,27",62,Utilization,8,9
"Pfannerstill, Beer and Stokes",AF,4/12/2022,7/29/2021,"€37439543,64",90,Full Chain,1,7
"Howell, Breitenberg and Batz",AS,12/6/2018,2/6/2021,"€68418256,37",83,T&C,1,4
Brekke-Prosacco,OC,12/4/2021,9/10/2023,"€85881768,28",71,Utilization,5,7
Berge-Luettgen,NA,7/21/2021,1/14/2021,"€31211609,65",71,Full Chain,4,4
"Funk, O'Hara and Hackett",NA,12/28/2017,6/30/2023,"€25383036,14",93,Full Chain,5,5
Prohaska Group,AF,4/7/2022,8/29/2024,"€73756000,51",90,Utilization,9,5
Sanford-Tremblay,AF,3/25/2020,6/2/2022,"€15867859,79",56,Transport,7,3
Hartmann-Hackett,AF,6/29/2020,6/3/2024,"€21083668,29",61,Utilization,1,6
"Waelchi, Durgan and Spinka",AS,7/3/2020,3/9/2024,"€87326375,82",90,Transport,6,7
Towne-Heaney,NA,6/6/2018,1/12/2025,"€20936096,44",65,T&C,9,5
"Lindgren, Spencer and Heaney",AS,8/12/2022,10/22/2023,"€24068195,83",51,T&C,5,5
"Torphy, Hilll and Schiller",SA,2/18/2021,11/5/2022,"€56304134,59",97,Full Chain,2,9
Cartwright and Sons,NA,9/4/2023,3/16/2025,"€9449531,71",97,Utilization,6,9
"Hackett, Zemlak and Cummerata",NA,7/24/2019,2/7/2021,"€53793730,31",65,T&C,8,5
Turcotte-Yost,OC,5/29/2023,9/25/2021,"€93057143,42",63,Capture,6,6
"Bartell, Kuhlman and Botsford",NA,2/15/2018,12/28/2022,"€53658020,64",98,Capture,2,3
Hane-Romaguera,NA,7/31/2020,8/11/2023,"€75143963,62",93,Capture,4,6
Beahan LLC,OC,1/29/2023,10/30/2022,"€30604349,91",54,Utilization,5,9
Littel-Weber,AS,3/23/2021,9/22/2024,"€40749496,88",61,T&C,5,3
Miller-Gutmann,NA,3/27/2022,2/5/2022,"€4361469,79",52,Utilization,6,3
"Will, Schowalter and Simonis",OC,7/29/2021,11/9/2022,"€34211480,37",75,Transport,2,4
O'Reilly and Sons,OC,2/8/2020,2/23/2025,"€94377851,49",57,Full Chain,3,4
White-Hickle,AS,2/23/2021,12/27/2024,"€36166015,49",81,Full Chain,5,4
"Konopelski, Herman and Streich",OC,9/8/2021,11/8/2020,"€34597857,97",76,Utilization,3,3
Fadel Group,NA,5/13/2019,9/19/2022,"€39400437,81",88,Full Chain,5,6
Koss LLC,NA,1/28/2019,12/27/2021,"€66217317,97",78,T&C,6,8
Walter Group,NA,3/1/2020,4/25/2022,"€91353548,76",50,Utilization,1,8
"Ullrich, Stamm and Okuneva",NA,6/28/2019,1/24/2021,"€39857776,57",96,T&C,2,7
"Daniel, Kiehn and Hammes",NA,9/27/2020,3/19/2022,"€23406031,14",64,Full Chain,6,6
Schmeler-Bruen,NA,6/17/2018,4/12/2024,"€72111265,88",100,Utilization,5,9
Homenick-Walter,AF,9/10/2019,4/29/2025,"€49601047,97",75,Full Chain,6,9
Wolf-Leffler,AF,7/26/2021,4/7/2023,"€18124766,01",78,Utilization,5,5
DuBuque-Volkman,EU,5/9/2023,12/18/2021,"€69080401,70",51,Transport,5,9
Donnelly-Thompson,OC,1/22/2018,2/11/2024,"€38029857,59",63,T&C,5,4
Haag Group,AF,4/8/2019,1/28/2023,"€49245230,12",83,T&C,7,9
Glover Inc,NA,7/12/2020,12/18/2021,"€8766000,75",75,T&C,5,6
"Cummerata, Abbott and Mraz",NA,11/18/2019,3/23/2025,"€24958310,11",65,Capture,7,7
"Hauck, Abbott and Dach",OC,3/19/2021,11/27/2020,"€31251843,44",87,Utilization,9,7
Hickle Inc,AF,12/23/2022,7/18/2024,"€72131830,22",89,Transport,5,4
Bogan-Collier,AS,10/2/2022,8/10/2021,"€72823365,83",100,Utilization,6,8
"Spinka, Kunde and Shields",OC,4/20/2022,10/25/2021,"€42911540,88",96,Full Chain,1,4
"Sporer, Jerde and Lowe",AS,11/6/2020,11/18/2020,"€26448568,56",58,Capture,6,5
Price-Beahan,AS,5/18/2018,10/21/2022,"€74142960,04",99,Full Chain,2,6
"Torphy, Davis and Purdy",OC,8/6/2022,3/6/2024,"€77575743,65",80,Utilization,5,6
Kuhic LLC,NA,6/28/2018,4/22/2023,"€74571111,85",64,Full Chain,5,5
Dach Group,AF,2/22/2020,11/30/2023,"€17651628,50",80,Transport,7,4
Rohan-Swaniawski,EU,10/26/2021,1/22/2022,"€73792750,40",87,Capture,5,4
Mosciski-Ziemann,NA,5/5/2022,3/17/2023,"€8313428,64",75,T&C,6,4
"Watsica, Gerlach and Jacobson",NA,8/1/2022,8/22/2023,"€66722833,57",85,Full Chain,8,5
"Kunde, Thompson and Cremin",NA,7/23/2019,8/15/2022,"€94371810,74",81,Full Chain,3,6
O'Reilly Inc,NA,8/28/2019,11/30/2023,"€8355210,17",65,Full Chain,2,8
Grimes-White,OC,7/23/2018,2/13/2022,"€52512860,09",52,Capture,8,5
Schultz-Nolan,NA,5/18/2020,12/27/2023,"€4117973,55",98,Full Chain,9,3
McKenzie and Sons,AS,3/15/2019,3/6/2023,"€95593566,58",69,Transport,6,9
Pacocha-Rice,AF,10/5/2020,5/2/2023,"€80598000,39",96,Full Chain,3,7
"West, Champlin and Ullrich",NA,1/3/2022,6/14/2022,"€47243251,60",50,Transport,4,8
Halvorson-Stanton,SA,3/4/2021,2/15/2021,"€88529567,30",69,Full Chain,3,7
"Hoeger, Stokes and Baumbach",EU,12/1/2021,8/10/2025,"€45543383,99",71,Transport,5,9
Mitchell-Smith,SA,7/29/2019,4/20/2025,"€12748219,47",52,Full Chain,5,3
Schmeler and Sons,OC,3/23/2018,12/3/2024,"€72128086,10",67,Capture,3,8
Hegmann Inc,OC,5/7/2019,4/15/2022,"€58533188,03",65,Utilization,6,4
Johns-Schaefer,NA,10/26/2019,4/25/2022,"€79917968,87",72,Capture,8,5
"Brown, Wintheiser and Feest",AS,8/3/2018,5/9/2024,"€53252217,35",76,Utilization,4,8
Nader-Dach,SA,11/23/2022,10/7/2021,"€98508569,27",72,Full Chain,6,6
"Goyette, Wehner and Wolff",AF,2/12/2019,11/15/2022,"€59584303,16",94,Utilization,1,7
Schuppe-Pfannerstill,SA,10/5/2018,6/20/2021,"€47924253,68",82,T&C,2,9
Kozey and Sons,SA,2/28/2022,6/23/2023,"€70018557,13",55,Transport,2,3
Langosh-Hammes,NA,10/9/2019,7/15/2024,"€9345886,47",88,Full Chain,3,6
Ferry Group,AS,10/22/2018,8/18/2025,"€47243639,42",55,Utilization,5,7
Corwin-Kertzmann,AF,11/20/2022,12/6/2023,"€74172274,02",73,Utilization,7,8
Howe-Heidenreich,NA,9/17/2023,8/18/2025,"€9258835,78",51,Utilization,4,7
"Heller, Wunsch and Olson",SA,7/9/2019,12/7/2021,"€65389632,53",56,Utilization,1,3
Williamson-Batz,NA,2/13/2021,7/17/2024,"€80546570,29",96,Utilization,9,5
Sauer-Spinka,SA,3/22/2018,11/30/2020,"€53897139,73",64,Full Chain,5,7
Kreiger-Reynolds,SA,7/5/2022,3/16/2021,"€54996816,01",57,T&C,3,6
"Rippin, Langosh and Hane",NA,7/10/2019,11/4/2024,"€48447237,72",50,Transport,5,7
Heller LLC,NA,12/1/2018,7/6/2022,"€35013582,43",71,Transport,9,9
Shields Inc,OC,11/19/2017,5/3/2021,"€65973955,23",58,Capture,3,8
Shanahan-Kling,NA,4/27/2022,7/2/2024,"€20281051,21",89,Utilization,8,3
Koss-Kuphal,NA,9/3/2019,10/7/2022,"€58834252,37",84,Utilization,2,6
Collier Group,AS,1/10/2021,4/1/2024,"€17449955,35",72,Utilization,2,6
Marvin LLC,NA,7/31/2023,4/16/2022,"€55166948,40",86,Capture,5,8
Swaniawski-Kessler,SA,1/23/2022,6/12/2023,"€69067493,63",54,Capture,6,3
"Dach, Botsford and Wuckert",NA,3/2/2021,3/10/2022,"€18664007,63",57,Capture,2,6
"Ward, Kulas and Bahringer",OC,5/27/2018,4/16/2025,"€83347920,97",76,T&C,9,6
Boyer-O'Hara,EU,1/28/2023,10/17/2022,"€18857518,10",87,T&C,6,5
Feil Inc,AS,11/23/2021,10/5/2022,"€44449994,13",83,Capture,5,3
"Nitzsche, Stehr and Lind",AS,6/11/2022,1/18/2021,"€84088634,14",85,Utilization,5,7
"Wiegand, Sawayn and White",NA,3/22/2023,10/1/2021,"€96351469,85",74,Utilization,4,8
"Parisian, Bartoletti and Ledner",AS,9/10/2019,10/24/2024,"€72431027,14",69,Utilization,4,5
Dickinson-Lind,NA,4/29/2020,6/1/2021,"€5159329,86",92,Full Chain,5,4
"Koch, Gerhold and Jacobson",NA,11/10/2018,3/5/2024,"€97844688,57",77,Utilization,4,8
"Kessler, Bernhard and Hoppe",NA,6/19/2023,5/17/2022,"€49045085,92",60,T&C,6,6
"Mayer, Osinski and Price",NA,7/13/2019,5/19/2022,"€21406020,23",69,Utilization,3,6
"Emard, Shields and Waters",NA,4/21/2018,2/4/2024,"€1463071,03",81,Utilization,9,3
Beahan and Sons,NA,3/23/2020,8/25/2023,"€6095887,21",88,Capture,2,3
"West, Haag and Wisoky",NA,11/4/2022,4/16/2022,"€13479596,38",88,Transport,8,5
Corkery-Crist,SA,12/26/2018,1/20/2021,"€45319833,54",68,T&C,4,9
Crist Group,SA,8/30/2021,4/16/2025,"€98466288,53",91,Full Chain,3,4
Macejkovic LLC,OC,1/17/2023,10/1/2024,"€83295756,47",96,Capture,1,6
Kerluke Group,NA,10/21/2019,12/10/2024,"€98820249,79",82,Transport,2,9
Sipes and Sons,AS,6/2/2021,2/5/2023,"€7904294,98",51,Capture,7,7
Bernhard-Armstrong,AF,9/21/2021,11/3/2022,"€96656762,86",53,T&C,1,5
"Schulist, Towne and Pfannerstill",AS,8/4/2020,4/5/2025,"€56010918,02",67,Capture,3,6
Gottlieb-Hackett,NA,4/17/2018,9/24/2022,"€22723676,30",95,Capture,6,7
Hills-Heathcote,NA,9/4/2021,3/10/2021,"€46559303,95",64,Capture,1,7
"Metz, Quitzon and Wisozk",AS,9/13/2020,11/22/2020,"€28269532,00",93,Capture,1,4
Kertzmann-Bergstrom,NA,12/18/2018,3/25/2025,"€17437839,55",59,Full Chain,6,8
"Walsh, Schneider and McDermott",NA,7/20/2022,4/15/2024,"€12847604,92",53,Transport,7,3
Keeling and Sons,OC,12/10/2017,11/5/2021,"€77372235,94",64,Full Chain,3,5
Dooley LLC,NA,10/4/2019,12/24/2024,"€42009028,79",57,Full Chain,9,4
